time,low,high,open,close,volume
1694649600,26128.25,26869.06,26227.16,26532.76,12929.08237721
1694736000,26213.96,26892.65,26532.5,26602.42,9345.93913701
1694822400,26453.32,26777,26601.71,26569.69,4132.04817572
1694908800,26405.04,26626.49,26569.69,26530.95,3252.26976131
1694995200,26382.13,27427.34,26530.96,26764.49,17493.70820354
1695081600,26666.93,27500,26764.03,27216.13,14386.07884728
1695168000,26798.98,27393.78,27216.52,27123.94,11590.24027633
1695254400,26359.7,27163.48,27122.65,26564.54,11801.98943642
1695340800,26467.94,26742.86,26564.54,26578.4,8563.0523313
1695427200,26513,26638.58,26578.4,26579.6,2597.25705711
1695513600,26118.86,26731.1,26579.59,26250.24,4587.80529114
1695600000,25983.78,26444.95,26248.17,26296.08,10762.98401397
1695686400,26080,26397.59,26296.07,26208.44,7016.42122845
1695772800,26088.37,26830,26208.43,26357.62,14123.89690964
1695859200,26321.37,27313.86,26357.56,27027.14,18975.87763693
1695945600,26661.71,27238.9,27027.44,26907,12712.27177691
1696032000,26884.86,27097.25,26905.57,26961,4413.30948101
1696118400,26955.25,28062.62,26961,27995.46,8747.06888783
1696204800,27302.3,28613.37,27995.46,27504.04,25148.25341854
1696291200,27160.47,27672.12,27504.03,27428.96,14334.10857629
1696377600,27208.65,27842.38,27428.96,27786.75,10238.17053376
1696464000,27358.05,28140,27786.12,27412.96,14136.04783544
1696550400,27173.41,28288.88,27413.15,27945.17,12908.75146274
1696636800,27861.2,28040.84,27945.17,27976.43,3489.91595717
1696723200,27708.6,28109.94,27976.44,27933.55,4118.56381073
1696809600,27268.63,28003.7,27933.54,27596.67,10218.62556021
1696896000,27291.81,27739.94,27596.67,27393.29,10265.79357936
1696982400,26521.32,27478.61,27393.28,26869.19,16466.26612207
1697068800,26537.72,26939.55,26867.97,26750.51,7881.21504857
1697155200,26662.62,27122.24,26752.06,26863.53,8694.60097059
1697241600,26797,26988.12,26863.54,26851.71,2786.76009652
1697328000,26806.06,27301.37,26851.71,27186.13,6215.85130529
1697414400,27135.92,30000,27186.13,28520.24,36471.7502374
1697500800,28083.19,28637.21,28520.24,28408.83,14171.43180714
1697587200,28151.6,28999.98,28408.51,28326.51,11820.68114047
1697673600,28122.57,28938.96,28326.24,28735.34,12662.68000489
1697760000,28591.85,30248,28734.51,29684.73,20095.91529217
1697846400,29475.06,30369,29684.73,29924.84,6369.9347533
1697932800,29670,30275,29925.91,30004.15,5720.28965895
1698019200,29890.89,35000,30004.14,33087.58,33228.46734771
1698105600,32851.45,35157.23,33079.72,33922.52,38506.35962554
1698192000,33690.91,35144,33921.66,34506.35,18668.45817435
1698278400,33735.86,34843.04,34504.33,34154.71,15867.44697165
1698364800,33400,34249.99,34153.35,33906.09,13879.04330119
1698451200,33867.38,34500,33905.96,34085.42,4372.52724873
1698537600,33937.31,34763,34085.42,34534.48,5547.09585659
1698624000,34077.9,34871,34534.48,34493.79,10183.77616922
1698710400,34038.79,34732.18,34493.51,34656.4,9282.02866788
1698796800,34079.46,35647.19,34656.38,35440.1,16197.45981756
1698883200,34311.73,35997.8,35440.1,34950,13455.65527035
1698969600,34100,34954.6,34947.92,34731.27,13961.70014519
1699056000,34599.85,35278.4,34730.32,35087.01,4696.70148339
1699142400,34500,35410,35087.43,35035.42,5892.67329337
1699228800,34753.66,35294.12,35035.79,35059.46,7088.27153194
1699315200,34530.67,35963,35059.46,35416.28,13841.59195597
1699401600,35103.14,36113.59,35416.63,35639.13,12253.15808483
1699488000,35555.16,37999,35639.13,36706.59,29045.85195583
1699574400,36334.46,37548.8,36704.01,37324.83,15183.168535
1699660800,36701.5,37424.03,37324.84,37139.12,5344.45382766
1699747200,36740.9,37247,37139.94,37086.03,3317.50278576
1699833600,36351,37442.48,37086.5,36475.67,10543.29564712
1699920000,34758.64,36756.16,36475.68,35554.09,16008.49077729
1700006400,35358.45,37987,35554.1,37885.35,19941.6757032
1700092800,35511.11,37958.75,37885.35,36161.15,18455.96829165
1700179200,35869,36831.99,36161.15,36630.38,12218.85138403
1700265600,36205.89,36857.15,36631.56,36594.89,3468.39821362
1700352000,36404.52,37546.62,36596.14,37391.19,4366.44892344
1700438400,36720,37784.07,37389.06,37475.64,14114.01039926
1700524800,35744.9,37675.77,37472.76,35751.89,20837.73934338
1700611200,35633,37875,35755.33,37424.31,17606.97239528
1700697600,36888,37653.67,37424.31,37304.05,7211.31754936
1700784000,37257.56,38454,37304.04,37745.84,17507.8900414
1700870400,37615.91,37920.27,37746.29,37805.99,3567.42244915
1700956800,37156.72,37842.17,37806.84,37462.79,6113.0562518
1701043200,36715.1,37578.42,37462.01,37241.63,13510.45476059
1701129600,36873.55,38425.96,37241.64,37838.26,18156.47258233
1701216000,37581.93,38480,37838.26,37863.84,15162.68883049
1701302400,37500,38152.18,37864.79,37732.27,8081.19248391
1701388800,37618.25,39000,37732.27,38703.54,16395.90197806
1701475200,38660.03,39740,38706.55,39478.95,7540.7688183
1701561600,39293.02,40221.22,39467.42,39984.81,7153.15663784
1701648000,39983.6,42410.46,39984.81,41987.24,21993.05995554
1701734400,41384.03,45000,41985.53,44084.39,24018.76035474
1701820800,43369,44290.37,44086.33,43764.05,15977.55938336
1701907200,42846.53,44057.23,43766.41,43280.95,13055.36691088
1701993600,43087.17,44754.99,43281.11,44192.87,13579.40860176
1702080000,43586.14,44384.68,44192.86,43723.25,5469.40708431
1702166400,43562.06,44049.51,43722.84,43793.68,3919.09423649
1702252800,40150,43811.81,43793.67,41229.61,25524.67094691
1702339200,40636.51,42088.56,41229.61,41477.39,13414.86773655
1702425600,40553.15,43475,41477.6,42885.54,15798.66423037
1702512000,41426.76,43442.15,42887.39,43027.77,15434.25971384
1702598400,41640.51,43095.71,43027.77,41933.89,10861.72864667
1702684800,41626.66,42680.2,41934.84,42237.29,5315.65582307
1702771200,41222,42367.82,42235.23,41349.59,6649.06495765
1702857600,40508.01,42754.79,41349.59,42650.01,13394.33474824
1702944000,41780,43461.86,42650.01,42266.22,13403.93447528
1703030400,42184.48,44324.86,42266.25,43674.77,19307.1089644
1703116800,43295.78,44250,43673.11,43875.32,13170.9728222
1703203200,43412.82,44424.36,43875.56,44013.73,10733.55348079
1703289600,43333.35,44033.84,44013.65,43726.35,4075.08953972
1703376000,42614.17,43985.67,43728.36,43025.03,4947.00165569
1703462400,42755.35,43818.29,43025.02,43589.67,4799.73104807
1703548800,41600.67,43605,43589.67,42515.53,13035.02745535
1703635200,42111.47,43709.98,42521.21,43474.4,12917.48404475
1703721600,42265.08,43830.34,43469.06,42581.23,13583.91599843
1703808000,41300,43137.1,42581.23,42063.45,16756.43323881
1703894400,41518.19,42593.73,42064.22,42141.03,11609.82377015
1703980800,41964.68,42850,42139.32,42288.06,11397.57303743
1704067200,42175.65,44240.8,42288.58,44220.78,7977.72851143
1704153600,44195.13,45925.82,44220.78,44972.8,29583.38407747
1704240000,40625.68,45519.32,44972.81,42862.44,32281.85234351
1704326400,42650,44800,42860.58,44193.29,18193.81684353
1704412800,42450,44443.37,44198.35,44186.59,18073.09561495
1704499200,43436.5,44260.95,44187.76,43992.44,5691.43460343
1704585600,43629.7,44510.01,43992.79,43950.28,5931.34650683
1704672000,43200.44,47330,43954.52,46995.1,26447.17326625
1704758400,44701.54,47901,46995.09,46124.08,26305.56366042
1704844800,44320.01,47732.5,46120.79,46666.11,36534.39765866
1704931200,45555.55,49102.29,46678.54,46342.66,38150.89478822
1705017600,41444.97,46522.2,46344.96,42773.03,46862.43347199
1705104000,42427,43250,42775.1,42839.33,10998.76404264
1705190400,41680.73,43064.13,42839.32,41697.33,7834.26155365
1705276800,41680,43331.91,41698.13,42490.16,10869.45830576
1705363200,42028.02,43569.23,42481.69,43130.45,18180.4405406
1705449600,42160,43185.47,43130.35,42739.49,16381.8407159
1705536000,40600.05,42877.22,42737.68,41293.5,25097.42399202
1705622400,40236.49,42159.52,41290.57,41624.07,22745.55271173
1705708800,41418.55,41846.15,41623.94,41666.67,4836.63124969
1705795200,41472.49,41858.59,41666.67,41554.05,3138.26294449
1705881600,39372.44,41658,41553.92,39524.27,26539.34338688
1705968000,38501,40144.49,39524.27,39878.3,21966.56334645
1706054400,39382.15,40527.26,39878.28,40077.78,17438.97734668
1706140800,39503,40282.87,40079.87,39941.66,12978.7331205
1706227200,39805.95,42243.14,39941.66,41814.8,19359.37921096
1706313600,41383.94,42199.99,41814.96,42126.55,3774.45056434
1706400000,41617.53,42839.07,42126.55,42034.59,4298.44263812
1706486400,41787.35,43326.77,42034.57,43306.18,12529.09255982
1706572800,42680.2,43872.99,43303.3,42942.78,16384.61219735
1706659200,42265.77,43741.94,42937.72,42548.08,15320.62044085
1706745600,41846.04,43276.19,42545.47,43078.81,11526.63383073
1706832000,42527.58,43700,43080.38,43181.66,12202.24125895
1706918400,42863.58,43358.13,43183.62,43010.67,2254.45335539
1707004800,42228.01,43100,43007.82,42568.55,2643.251649
1707091200,42235,43520,42571.91,42657.67,8756.87806894
1707177600,42516.07,43372.79,42658.3,43095.79,7940.36830921
1707264000,42760.44,44430,43097.16,44343.61,12440.36853251
1707350400,44335,45637.38,44345.94,45305.2,19283.80580787
1707436800,45252.93,48230.02,45304.83,47160.41,22108.85067543
1707523200,46889.53,48179.43,47157.01,47767.06,5663.309891
1707609600,47590.3,48614,47767.06,48316.3,5243.1260706
1707696000,47715.67,50363.42,48321.14,49941.81,18545.08725852
1707782400,48327.81,50423.42,49941.95,49725.36,20471.56790372
1707868800,49253.92,52111,49724.55,51858.59,20249.94369733
1707955200,51353.49,52890,51858.51,51934.29,18465.04404385
1708041600,51597.87,52608.2,51935.23,52162.64,13816.27351282
1708128000,50642.36,52214.05,52162.65,51666.22,5387.3486576
1708214400,51174.38,52400,51666.23,52153.63,3997.17143898
1708300800,51687.98,52501.01,52153.63,51787.05,6009.01451962
1708387200,50764.01,53000,51787.05,52277.52,15888.87599974
1708473600,50628.6,52394.91,52277.53,51851.67,13735.03407249
1708560000,50905.65,52076,51851.46,51258.7,13104.51408087
1708646400,50513.01,51512.68,51260.29,50747.05,11679.16625824
1708732800,50576.55,51696.19,50746.98,51570.65,3448.96576791
1708819200,51275.01,51967.82,51568.63,51731,3617.40106809
1708905600,50901.23,54980,51730.96,54533.48,22422.38763854
1708992000,54490.8,57646.81,54530.32,57077.07,28791.48651731
1709078400,56723.48,64100,57077.08,62518.9,48265.6721171
1709164800,60355.61,63675.48,62520.06,61179.03,36825.89535085
1709251200,60788.33,63267.18,61179.03,62436.72,24696.65692545
1709337600,61623.39,62500,62439.74,62045.78,6882.38410251
1709424000,61388,63260,62045.78,63154.49,7314.17629968
1709510400,62300,68602.98,63155.74,68360.14,40600.36656889
1709596800,59224.68,69324.58,68356.7,63800.78,65575.09537327
1709683200,62832.39,67654.06,63802.15,66122.28,34655.98799427
1709769600,65599.63,68098.09,66115.48,66938.21,22228.36739914
1709856000,66157.09,70199,66938.21,68289.16,33749.52797544
1709942400,68047.62,68700.41,68289.16,68480,9005.50992187
1710028800,68221.13,70000,68480.01,69032.12,12163.05713369
1710115200,67112.21,72943.98,69032.8,72110.98,32332.72583229
1710201600,68603,73027.63,72110.98,71475.93,29420.19277654
1710288000,71337.3,73709.99,71473.43,73135.04,21455.92195688
1710374400,68454.47,73835.57,73135.04,71364.58,34226.602618
1710460800,65565.7,72414.96,71364.58,69506.88,40195.84231178
1710547200,64774.05,70050,69514.87,65254.22,16532.825303
1710633600,64505,68877.82,65254.22,68343.64,12631.85084112
1710720000,66562.65,68933.71,68354.29,67613.04,20057.37580028
1710806400,61506,68136.39,67609.39,61906.27,40111.97553957
1710892800,60771.14,68150,61902.57,67858.8,38590.78345488
1710979200,64525,68234.56,67855.88,65484.7,18523.96247162
1711065600,62258.36,66651.1,65478.98,63814.56,17807.65930238
1711152000,63013.19,66029.09,63814.56,63998.86,7395.08270425
1711238400,63785.57,67637.6,63998.87,67204.93,6535.8276512
1711324800,66381.84,71269.92,67212.69,69890.28,22228.13803338
1711411200,69269.69,71582.96,69895.6,69992.4,15697.73440865
1711497600,68369.62,71789.85,69994.9,69435.96,18703.73738295
1711584000,68841.01,71635.99,69437.16,70801.18,15224.17928189
1711670400,69036.95,70941.7,70804.06,69903.75,7365.03204354
1711756800,69569.03,70363.25,69903.74,69626.87,3262.62331859
1711843200,69587.86,71399.91,69623.86,71288.9,4424.66955382
1711929600,68055.15,71313.8,71291.5,69681.82,13916.60016523
1712016000,64521.61,69711,69681.85,65464.14,23496.58634089
1712102400,64500,66944.06,65472,65987.92,14506.55934744
1712188800,65073.95,69367.19,65984.18,68525.23,18624.08140025
1712275200,66000,68783.99,68528.69,67856.51,15515.82134206
1712361600,67469.19,69685,67856.51,68919.89,3985.44167764
1712448000,68846.23,70312,68919.57,69350.34,5766.41938443
1712534400,69037.33,72777,69350.36,71622.53,16648.69284289
1712620800,68200,71761.37,71616.31,69117.01,15143.52341376
1712707200,67463.07,71159.6,69115.79,70634.04,16655.987797
1712793600,69530,71305.86,70638.4,70020.73,11001.16448135
1712880000,65110.31,71265.74,70020.71,67148.61,23509.75554216
1712966400,60822.01,69100,67148.62,64024.77,27548.47240557
1713052800,62150,65890.91,64021.36,65777.05,21604.05147827
1713139200,62315.08,66928.82,65764.56,63452.18,21672.73701332
1713225600,61645.09,64400,63452.18,63814.94,17710.28213211
1713312000,59648.33,64524.14,63814.94,61279.36,21812.15297865
1713398400,60816.07,64210,61275.73,63513.85,15249.84211445
1713484800,59573.32,65498.99,63514.84,63848.37,22838.07934159
1713571200,63121.15,65463.08,63841.96,64968.87,5157.40726514
1713657600,64250,65725.81,64960.82,64952.92,4487.48723219
1713744000,64520,67272.73,64952.92,66859.17,10977.05178637
1713830400,65823.66,67225.66,66856.07,66414.16,8840.16749844
1713916800,63542.56,67077.97,66418,64255.78,15083.5524347
1714003200,62747.18,65287.69,64255.77,64484.44,13256.29877715
1714089600,63287.76,64810,64484.44,63742.39,10151.96247701
1714176000,62389,63900,63742.39,63422,5312.16741262
1714262400,62743.81,64333.33,63422.34,63108.94,4415.96831554
1714348800,61741.01,64200,63109.76,63844.85,10712.13554316
1714435200,59040.3,64727.81,63845.01,60622.1,21106.65540758
1714521600,56500,60785.49,60621.2,58265.59,26611.9312734
1714608000,56903.79,59641.03,58267.81,59071.89,13593.00905888
1714694400,58821.05,63365.72,59070.3,62913.03,15954.29032707
1714780800,62565.82,64546,62913.03,63902.88,6414.57464352
1714867200,62908.34,64636.75,63902.88,64023.45,4474.5195919
1714953600,62704.48,65523.44,64023.45,63162.24,11241.77217344
1715040000,62252.64,64415.06,63161.35,62315.76,8994.93773002
1715126400,60851.04,63013.05,62315.75,61169.53,7486.42596849
1715212800,60601.6,63424.14,61169.53,63073.57,8360.0553824
1715299200,60150,63470,63073.55,60787.47,11511.12990976
1715385600,60450.13,61482,60787.99,60814.63,2338.06810837
1715472000,60576.05,61843.45,60814.64,61453.02,2694.97577935
1715558400,60738.51,63456.18,61453.01,62932.37,9170.80865115
1715644800,61024.51,63103.02,62927.44,61539.84,13456.61307634
1715731200,61299.57,66480,61539.7,66244.69,21821.38858725
1715817600,64588.5,66772.83,66244.68,65252.18,12012.70197182
1715904000,65113.46,67500,65252.17,67046.33,11710.00723895
1715990400,66624.06,67407.79,67046.34,66923.87,3880.58113972
1716076800,65852.02,67701.91,66923.87,66261.62,3565.11346165
1716163200,66057.03,71560.9,66260.04,71432.17,20415.88691709
1716249600,69146.01,71980,71432.16,70142.84,16102.06132545
1716336000,68887.52,70659.99,70142.88,69109.93,10889.10300904
1716422400,66259,70066.95,69109.93,67940.45,14340.27843589
1716508800,66587.91,69278.75,67932.79,68547.8,10374.95988085
1716595200,68487.44,69605.03,68545.52,69289.67,2501.11901959
1716681600,68097.38,69522,69289.69,68473.72,2037.67329089
1716768000,68210.12,70613.39,68470.8,69368.72,5384.62278063
1716854400,67194.59,69533.96,69366.31,68321.98,11975.93086328
1716940800,67081.66,68864.11,68321.99,67569.45,8970.02059069
1717027200,67092.91,69536.89,67569.44,68338.58,11841.26381893
1717113600,66584.47,69024.71,68338.58,67472.41,10690.85876224
1717200000,67371.28,67837.33,67473.07,67719.29,1949.57008052
1717286400,67260,68411,67719.29,67735.52,2997.15241527
1717372800,67568,70295.78,67731.14,68791,11884.90882705
1717459200,68542.37,71108.9,68791.04,70542.32,18042.19396496
1717545600,70356.49,71804.13,70541.68,71121.11,10123.1802918
1717632000,70093.98,71650.56,71120.65,70773.64,7716.5079994
1717718400,68298.55,71974.04,70773.63,69324.53,13768.98185265
1717804800,69126.22,69546.58,69326.71,69304.05,2631.94610412
1717891200,69123.99,69848.94,69303.8,69637.87,1826.03995531
1717977600,69141.51,70187.53,69641.08,69497.73,6088.40363232
1718064000,66018.69,69547.82,69495.97,67316.53,17354.68915468
1718150400,66883.32,70032,67316.52,68248.6,17140.01139413
1718236800,66200,68474.49,68248.59,66738.85,11916.13211129
1718323200,65005,67322.72,66746.46,66004.39,11520.15791899
1718409600,65800.86,66428.57,66004.36,66192,2004.1421548
1718496000,65999,66931.18,66192,66628.75,2118.65163435
1718582400,65050,67274.96,66629.38,66481.81,14487.64060903
1718668800,64010.01,66574.33,66481.81,65152.8,15937.73176483
1718755200,64635.48,65709.26,65150.9,64943.79,4958.38361329
1718841600,64500,66455.52,64945.67,64840.88,9346.70807899
1718928000,63300.93,65017.1,64840.89,64120.28,9816.79599936
1719014400,63910.01,64523.91,64120.28,64235.01,2324.21500373
1719100800,63125.75,64499.95,64235,63171.43,2054.79092364
1719187200,58414.28,63343.91,63169.36,60263,21418.04594647
1719273600,60217.36,62400,60262.16,61789.71,15201.5824773
1719360000,60656.8,62470,61794.47,60816.68,11392.79835017
1719446400,60546.94,62346.16,60818.86,61615.39,10530.35898848
1719532800,59868,62170.62,61611.43,60313.35,11381.0258738
1719619200,60273.8,61122.66,60312.36,60885.67,3199.03650127
1719705600,60611.01,62942.67,60884.44,62668.26,4263.22924826
1719792000,62448.46,63801.26,62669.14,62830.13,12326.70696465
1719878400,61000,63223.57,62830.94,62040.22,10688.64132628
1719964800,59332.76,62197.01,62039.44,60145.01,12066.71677065
1720051200,56709.73,60429.27,60145.01,57042.14,17969.35692426
1720137600,53499.9,57515.6,57036.45,56639.43,28052.41501655
1720224000,56020.32,58481.97,56634.53,58244.75,6449.32501293
1720310400,55717.23,58448.89,58240.36,55854.09,5320.91645368
1720396800,54278.93,58200,55852.61,56699.43,19043.04861272
1720483200,56276.37,58295.31,56701.18,58047.86,11757.76025902
1720569600,57157.28,59481.93,58047.86,57712.59,11619.63229345
1720656000,57036.41,59533.06,57713.4,57340.77,11433.53379518
1720742400,56538.33,58550,57343.66,57909.03,10516.60400149
1720828800,57770.92,59875,57908.61,59224.58,4255.10545721
1720915200,59209.2,61428.67,59224.58,60808.42,6132.37403058
1721001600,60666.59,64943.61,60804.97,64757.16,20601.73387957
1721088000,62410.33,65405.89,64757.16,65088.99,14691.92002303
1721174400,63853.99,66139,65086.55,64085.81,10647.79709095
1721260800,63222.6,65130.88,64085.82,63982.86,7637.52760383
1721347200,63289.15,67504.22,63977.64,66707.61,15163.05745737
1721433600,66271,67635,66707.61,67163.83,4671.38885135
1721520000,65820.18,68380,67163.82,68181.28,6027.86201344
1721606400,66569.42,68495,68181.16,67558.22,11844.79119584
1721692800,65444.3,67786.84,67560.03,65939.24,10791.03782177
1721779200,65090.61,67131.17,65939.24,65366.4,7702.25551129
1721865600,63412.46,66161.98,65358.86,65795.42,10452.25571747
1721952000,65705.6,68216.66,65795.52,67924.08,9315.20918753
1722038400,66635.28,69418.15,67921.46,67899.41,10233.62198513
1722124800,67021.8,68308.82,67901.81,68244.3,3505.5483691
1722211200,66400.01,70000,68244.3,66771.45,13641.48475825
1722297600,65283.68,66994.15,66767.14,66169.68,8733.57157991
1722384000,64500,66837.4,66169.68,64609.62,8986.37529253
1722470400,62212.81,65593.56,64609.61,65288.18,15636.72205775
1722556800,61150,65557.86,65293.48,61418.06,15390.00963957
1722643200,59819.13,62171.58,61418.06,60674.93,8019.39450918
1722729600,57123,61082.3,60674.93,58130.95,10319.01091658
1722816000,49050.01,58282.83,58131.31,54029.12,59125.78926672
1722902400,53965.57,57091.16,54037.9,56048.08,16897.67519536
1722988800,54564.15,57757.15,56048.07,55148.1,13971.5151871
1723075200,54737.32,62755.24,55144.14,61705.58,20623.04985861
1723161600,59552.46,61764.38,61704.05,60862.13,11569.80744379
1723248000,60255.61,61500,60864.71,60935.02,3157.63609699
1723334400,58312.63,61868.69,60935.01,58722.49,5229.37008498
1723420800,57653.31,60721.77,58717.44,59358.78,12183.92944247
1723507200,58402.01,61615.43,59358.78,60603.19,10879.76363828
1723593600,58453.56,61827.2,60603.19,58690.62,12938.61473824
1723680000,56120,59883.49,58690.62,57543.61,14506.63316989
1723766400,57096.56,59871.61,57543.57,58888.99,11930.21788221
1723852800,58803.45,59711.02,58888.99,59497.49,2787.56355634
1723939200,58422,60284.99,59497.49,58437.9,4325.64817169
1724025600,57820,59639.81,58436.2,59452.67,8539.29378706
1724112000,58571.96,61457.03,59455.81,59017.59,11062.05279919
1724198400,58793.89,61849.98,59017.59,61163.28,13380.11101719
1724284800,59750,61430.48,61167.54,60383.29,9608.6955368
1724371200,60343.2,64987,60383.28,64086.72,17852.77117167
1724457600,63564.22,64529.78,64091.63,64179.63,5020.91676004
1724544000,63793.74,65050.08,64179.63,64251.93,4012.30764642
1724630400,62806.8,64509.36,64250.01,62840,10741.96651081
1724716800,58025.49,63226.26,62840.09,59439.64,14195.89496578
1724803200,57851.62,60236.98,59437.68,59045.88,10001.12169866
1724889600,58729.39,61194.09,59047.94,59364.47,10933.22040343
1724976000,57700,59929.63,59353.12,59112.77,9382.9124508
1725062400,58739.31,59446.99,59117.59,58968.37,1368.21775121
1725148800,57200,59070.55,58968.37,57299,4411.05388122
1725235200,57119.01,59423,57291.21,59139.83,4318.6544603
1725321600,57394.49,59825.7,59138.89,57468.84,8264.44971184
1725408000,55555,58531.25,57460.5,57971,13715.96171494
1725494400,55628.04,58326.12,57971,56156.82,12281.57828747
1725580800,52530,56995,56156.82,53950.01,18495.45064356
1725667200,53733.1,54847,53950,54156.33,3284.57722628
1725753600,53623.95,55315.95,54159.6,54881.11,3684.86816392
1725840000,54565.56,58119.97,54881.1,57053.9,10203.03329517
1725926400,56377.76,58050.35,57047.82,57645.59,6433.21371111
1726012800,55534.41,58014.35,57641.15,57352.79,11678.94297124
1726099200,57311.15,58600,57352.92,58137.54,10175.62390483
1726185600,57630.01,60670,58137.33,60543.35,11935.95544754
1726272000,59436.8,60660,60543.35,60012.35,3147.39019631
1726358400,58695.75,60402.34,60012.34,59122.33,3975.3568185
1726444800,57477,59214.15,59122.7,58208.75,7654.10991835
1726531200,57620.27,61373.41,58209.76,60312.6,11701.89074715
1726617600,59174.5,61800,60317.38,61769.18,11471.50683029
1726704000,61569.16,63891.82,61770.38,62960.14,15075.86835522
1726790400,62340,64140.67,62956.04,63210.69,10636.1082809
1726876800,62755,63575.63,63210.94,63362.74,1960.85712028
1726963200,62380.55,64000,63362.74,63577.66,2882.2341982
1727049600,62566.28,64739.67,63580.39,63338.87,7014.74459935
1727136000,62689.15,64700,63338.85,64272.93,8933.46473574
1727222400,62932.8,64811,64272.93,63130.89,5909.09510453
1727308800,62652.99,65865,63131.13,65177.21,12789.85035505
1727395200,64827.85,66550,65176.39,65789,9529.0168808
1727481600,65400,66266.39,65787.53,65858.99,2755.22680581
1727568000,65433.29,66059,65857.33,65600.01,2721.35197741
1727654400,62833.95,65624.95,65600.01,63301.25,10629.74147917
1727740800,60150.89,64106.75,63305.52,60790,15970.80295516
1727827200,59969.2,62380.34,60792.63,60631.37,8764.03050337
1727913600,59824.87,61474.92,60631.36,60744.99,7834.55718072
1728000000,60454.5,62481,60745,62090.71,7884.21831808
1728086400,61686.34,62380.04,62090.7,62051.29,1783.56564961
1728172800,61805.85,62978.75,62051.29,62810.86,2086.21821773
1728259200,62113.28,64467.02,62810.93,62200.28,10707.1500015
1728345600,61824.48,63191.05,62203.82,62122.02,6566.33034742
1728432000,60255,62507.68,62118.44,60578.28,7582.36723494
1728518400,58863.9,61271.59,60578.28,60279.53,10462.57962276
1728604800,60029.98,63416.7,60279.53,62518.75,11454.9900534
1728691200,62464.15,63474.25,62518.75,63187.47,3943.90648994
1728777600,62033,63270.18,63183.08,62845.3,2257.61460657
1728864000,62426.67,66500,62847.89,66065.65,13638.71106556
1728950400,64778.44,67944.76,66065.64,67056.6,16324.01191342
1729036800,66743,68399,67056.62,67608.44,12465.75691229
1729123200,66629.97,67926.99,67608.45,67402.33,7912.22639285
1729209600,67149.24,69000.62,67399.86,68426.11,11802.74441943
1729296000,68005.83,68689.29,68426.11,68363.73,1868.86958754
1729382400,68083.18,69380,68363.73,69014.86,2632.89214855
1729468800,66802,69498,69014.87,67346.15,10226.59346669
1729555200,66535,67800,67346.15,67380.08,8598.06472763
1729641600,65149.51,67415.65,67389.7,66601.11,9021.17140157
1729728000,66445.32,68800,66601.1,68156.84,10016.19830413
1729814400,65500.01,68742.38,68156.84,66564.51,14485.49253537
1729900800,66331.95,67365.18,66564.51,67012.56,2949.2199701
1729987200,66836.78,68261.37,67008.15,67943.19,2819.59766921
1730073600,67532.48,70235.98,67943.18,69924.5,16140.14013624
1730160000,69705.76,73624.98,69924.49,72724.35,20616.91187006
1730246400,71400.01,72948.6,72724.35,72322.91,13543.49337837
1730332800,69559.33,72684.02,72322.91,70197.83,14726.78460342
1730419200,68720,71620,70198.02,69467.29,15295.28781188
1730505600,69000,69891.92,69466.64,69358.94,2203.99644104
1730592000,67444,69364.65,69360.95,68738.18,6758.88506466
1730678400,66783.77,69453.94,68736.4,67807.48,12431.01371517
1730764800,67427.53,70557.67,67810.15,69380.73,12867.66127618
1730851200,69285.82,76509.56,69380.64,75646.55,45398.11837369
1730937600,74463.96,76999,75646.55,75920,21932.40207681
1731024000,75654.26,77312.18,75925,76566.73,18378.39876264
1731110400,75758.58,76952.67,76566.72,76716.06,4836.57005338
1731196800,76535.33,81534.28,76716.06,80428.92,16728.21105103
1731283200,80277.34,89666,80427.69,88770.73,35560.11866694
1731369600,85010,90100,88770.74,88035.43,40111.80924643
1731456000,86220.5,93495,88035.43,90493.82,42318.6909168
1731542400,86672.07,91831.25,90499.4,87340.4,23422.75915863
1731628800,87100.83,91934.62,87338.96,91058.36,20388.33115227
1731715200,90069.21,91820.73,91058.36,90636.24,6598.0269304
1731801600,88713.64,91439.82,90638.54,89886.69,5574.55122824
1731888000,89372.65,92674.8,89877.11,90520.3,17340.77166451
1731974400,90403.24,94105.84,90521.32,92435.89,18267.16111244
1732060800,91600,94989.99,92445.04,94393.15,20329.039987
1732147200,94127.2,99073.53,94384.15,98439.09,31188.09394751
1732233600,97209.52,99860,98439.1,99024.03,29936.62215019
1732320000,97215.01,99044.11,99024.03,97778.77,12072.47203722
1732406400,95780.77,98700,97778.78,98028.18,8654.77135767
1732492800,92534.93,98999,98032.06,93000.01,20695.912495
1732579200,90682.58,95004.92,93001.48,91929.54,17848.01962899
1732665600,91747.46,97386.06,91929.53,95951.19,15213.90946356
1732752000,94671.59,96676.31,95951.19,95665.53,5586.55288339
1732838400,95383.46,98750,95665.53,97490.56,12587.02498942
1732924800,96129.73,97509.6,97489.8,96465.42,3476.04255853
1733011200,95753.42,97895.9,96464.95,97263.18,4039.27591451
1733097600,94400.63,98200,97259.17,95862.89,15554.61486745
1733184000,93571.3,96310.1,95862.89,95924.52,17898.7046212
1733270400,94634.85,99263.2,95924.85,98746.24,17528.92050771
1733356800,92055.86,104000,98746.24,97044.23,36399.8182427
1733443200,96424.2,102104.12,97049.47,99891.35,17801.21293952
1733529600,99012.73,100583.27,99885.37,99929.32,4774.3508777
1733616000,98729.66,101435.05,99919.2,101174.99,4230.35225168
1733702400,94220.8,101290.73,101175,97324.81,20103.05073464
1733788800,94273.38,98338.17,97330.66,96660.76,20620.53877488
1733875200,95722.79,101984.98,96660.75,101202.11,21190.23753294
1733961600,99298.39,102595,101211.61,100030.47,14796.92456547
1734048000,99220.81,101959.13,100024.75,101428.75,13327.59954074
1734134400,100600,102650,101428.74,101399.99,4181.40180281
1734220800,101221.34,105100,101400,104447.76,7796.33358128
1734307200,103289.21,107857.79,104445.15,106099.81,22575.87902891
1734393600,105337.97,108388.88,106099.98,106136.99,11994.58863972
1734480000,99939.82,106528.13,106145.83,100150.73,22294.42835455
1734566400,95539.67,102796.22,100148.6,97372.21,23522.12863874
1734652800,92115.66,98132.47,97372.2,97765,21766.62386138
1734739200,96368,99596.57,97762.75,97230.08,6451.43271418
1734825600,94182.98,97387.98,97230.09,95087.75,4933.50127735
1734912000,92360.91,96430.08,95091.15,94764.56,13476.98947566
1734998400,93426.25,99444,94767.88,98594.47,13355.36314305
1735084800,97557.48,99484.92,98594.47,99346.28,5254.2370598
1735171200,95083.93,99887,99358.67,95669.49,11403.37268934
1735257600,93234.31,97340.47,95669.4,94171.89,13169.12897588
1735344000,94002.72,95534.17,94171.7,95130.82,2722.6591363
1735430400,92841.48,95170.06,95125.59,93563.35,3417.52751094
1735516800,91271.19,94910.48,93563.35,92620.71,15271.24432744
1735603200,91887.13,96148.94,92620.7,93354.22,10348.6325655
1735689600,92743.63,94960.91,93347.59,94383.59,6871.73848196
1735776000,94177,97776.99,94383.59,96903.19,10912.47383962
1735862400,96016.63,98969.92,96905.48,98136.51,9021.88538159
1735948800,97516.65,98761.02,98139.85,98209.85,2742.08960614
1736035200,97250,98814,98209.85,98345.33,2377.92175899
1736121600,97900,102500,98347.65,102279.41,15173.55606778
1736208000,96105.11,102735.99,102279.41,96941.98,16587.2869223
1736294400,92500,97254.35,96941.98,95036.63,14182.29739458
1736380800,91187,95363.26,95033.18,92547.44,9712.37853215
1736467200,92209.25,95862.92,92547.44,94701.18,12634.03407823
1736553600,93804.05,94983.65,94701.48,94565.02,2638.69956767
1736640000,93670.3,95383.84,94569.91,94509.62,2025.81612971
1736726400,89028.64,95900,94507.24,94506.45,13094.86359481
1736812800,94311.36,97353.29,94507.35,96534.96,11210.74226727
1736899200,96400,100716.45,96534.97,100510.23,13610.74729401
1736985600,97277.58,100880,100504.27,99981.78,12312.37366854
1737072000,99937.81,105970,99981.46,104107,20518.30949325
1737158400,102233.45,104933.15,104107,104435,7835.29991824
1737244800,99518,106314.44,104435.01,101211.13,13312.63685598
1737331200,99416.27,109358.01,101217.78,102145.43,32342.18311338
1737417600,100051,107291.1,102145.42,106159.26,19411.23488978
1737504000,103100,106431.34,106159.27,103667.11,10730.018962
1737590400,101200.01,106870.87,103659.6,103926.36,25064.86499945
1737676800,102751.92,107200,103926.36,104850.27,12921.99361413
1737763200,104104,105294,104866.13,104733.56,3404.85308291
1737849600,102452.24,105478.8,104729.92,102563,4575.36611531
1737936000,97715.03,103228.46,102565.28,102062.42,23647.14111877
1738022400,100213.8,103770.85,102063.92,101290,9488.53429464
1738108800,101275.6,104829.64,101290.01,103747.25,11403.20278905
1738195200,103289.74,106484.77,103747.25,104742.64,13061.34881233
1738281600,101506,106090,104742.63,102411.26,13313.68104489
1738368000,100250,102781.65,102414.05,100623.85,3390.25555744
1738454400,96179,101459.84,100623.88,97676.52,10366.65062753
1738540800,91178.01,102599.85,97676.53,101460.2,31328.72219576
1738627200,96145.76,101812.23,101460.15,97795.05,14168.7031661
1738713600,96161.01,99230.49,97795.06,96638.33,9308.59185883
1738800000,95674.96,99182.15,96635.62,96564.62,9168.94674634
1738886400,95614.96,100235.79,96575.24,96537.08,12171.82534167
1738972800,95682.33,96919.05,96536.93,96476.25,2972.45715184
1739059200,94730.67,97342.28,96476.24,96475.82,3417.87009701
1739145600,95257.2,98367.23,96481.47,97444.41,6375.72539123
1739232000,94831.07,98500,97451.66,95774.08,7737.05105717
1739318400,94066.92,98119.98,95770.95,97862.53,9078.50356189
1739404800,95220,98100,97864.28,96625.29,6803.6078927
1739491200,96268.56,98890.11,96625.29,97509.03,7744.67640105
1739577600,97225.01,97997.85,97507.94,97596.94,1626.51929078
1739664000,96057.68,97738.22,97596.54,96119.88,2174.29326885
1739750400,95200,97050.64,96119.88,95781.8,3533.01273263
1739836800,93333,96730,95781.8,95607.4,8867.39878431
1739923200,95000.01,96880,95612.97,96632.03,6945.44897339
1740009600,96419.07,98768.54,96632.03,98347.2,10582.84622768
1740096000,94721.92,99517.52,98347.2,96157.03,19298.23921958
1740182400,95767.95,96982.52,96157.03,96582.12,7324.02366243
1740268800,95243.91,96679.93,96578.49,96265.98,3787.84705335
1740355200,91300,96515.41,96266.23,91510.82,12644.0435007
1740441600,85836.18,92549.99,91509.88,88583.74,31587.91715546
1740528000,82111.12,89305.68,88583.17,84111.78,21568.55463119
1740614400,82554.11,86993.87,84111.77,84625.19,16836.55524727
1740700800,78167.81,85116.19,84627.5,84297.73,30755.74245077
1740787200,83772.54,86534.96,84297.74,86018.76,6852.5441262
1740873600,85003.35,95128.88,86018.82,94265.48,16751.22972996
1740960000,85007.01,94415.61,94265.47,86161.1,22691.67068614
1741046400,81444,88977.27,86161.09,87249.96,23130.37098654
1741132800,86329.22,91000,87247.93,90603.73,14900.93396554
1741219200,87790.5,92817.29,90607.73,89921.85,13303.43744669
1741305600,84608.27,91280,89915.02,86756.98,27137.2022302
1741392000,85200,86863.38,86753.3,86206.69,3023.2478665
1741478400,80000,86480,86206.64,80699.17,7565.44749561
1741564800,77389,84033.66,80708.21,78544.71,21375.10120997
1741651200,76555,83600,78548.18,82914.51,17096.37980265
1741737600,80572.21,84442.69,82911.81,83659.43,12617.220582
1741824000,79890,84310.8,83659.45,81073.43,10506.80043483
1741910400,80771.17,85318.61,81071.5,83980.49,10857.45703924
1741996800,83612.24,84690.43,83989.86,84351.46,2331.92028578
1742083200,81969.44,85092.35,84351.45,82562.57,4059.89765099
1742169600,82416.98,84758.46,82562.5,84011.4,7785.97733364
1742256000,81125,84029.67,84011.39,82698.76,7316.63296603
1742342400,82535.53,87045.45,82699.53,86877.96,13056.03519886
1742428800,83596.75,87492.87,86877.97,84183.42,9880.31696275
1742515200,83100,84809.72,84183.41,84061.96,6257.63558757
1742601600,83659.69,84517.75,84061.96,83852.03,2108.51345069
1742688000,83804.67,86128.99,83852.06,86092.94,3467.46945277
1742774400,85533.06,88804.64,86092.95,87523.62,13107.50391644
1742860800,86321.97,88584.34,87518.09,87427.88,10153.98312373
1742947200,85850,88304.1,87432.82,86926.01,6885.71986041
1743033600,85784,87790.12,86926.01,87217.48,6904.09386105
1743120000,83533.4,87498.15,87214.07,84381.8,10031.80008987
1743206400,81608.99,84584.13,84381.81,82616.83,3194.24303663
1743292800,81538.88,83508.98,82624.06,82379.98,2472.72302228
1743379200,81265.16,83920.8,82379.98,82534.32,6887.94694226
1743465600,82403.32,85566.53,82534.31,85170.37,9130.97692565
1743552000,82283.01,88530,85166.92,82490.08,16748.28262337
1743638400,81177.7,83953.45,82490.1,83174.33,11800.91106566
1743724800,81643.54,84720.67,83178.68,83860.16,14593.03092888
1743811200,82346.61,84238.35,83859.78,83498.25,2836.42920662
1743897600,77058.99,83773.58,83505.88,78370.75,11014.8594773
1743984000,74420.69,81223.67,78370.15,79140.01,26706.52930797
1744070400,76167.35,80849.98,79140.02,76251.64,14917.02351692
1744156800,74553.01,83583.35,76258.8,82594.75,23584.94464084
1744243200,78387.24,82730.93,82593.15,79552.34,11876.12778689
1744329600,78919.94,84299,79552.34,83380.47,9964.68703141
1744416000,82765.26,85909.97,83379.64,85271.01,3972.49282052
1744502400,83010,86092.99,85271.02,83733.07,3904.15929557
1744588800,83655.27,85818.06,83733.07,84590.36,7247.02343319
1744675200,83592.77,86491.4,84590.36,83629.78,6461.77024421
1744761600,83088.02,85526.4,83622.52,84028.72,8246.73748903
1744848000,83711.69,85494.94,84028.71,84961.97,5865.70077325
1744934400,84287.06,85150.94,84961.97,84466.47,1884.07668707
1745020800,84353.45,85625,84466.47,85074.99,1683.30746873
1745107200,83972.82,85319.21,85074.59,85177.34,1812.14325365
1745193600,85135.98,88575.62,85177.33,87522.07,12603.75828155
1745280000,87077.17,93952.62,87513.53,93489.1,19460.09432868
1745366400,91902.19,94686,93486.57,93740.92,12538.32136507
1745452800,91685.18,94061.02,93740.93,94021.96,9320.8086182
1745539200,92880.01,95976.34,94021.97,94708.79,14148.6339475
1745625600,93903.01,95273.52,94707.79,94666.64,2253.98942317
1745712000,93654.77,95351.11,94666.64,93780.57,2304.93789541
1745798400,92829.44,95652.66,93780.56,95042.57,7348.4883725
1745884800,93761.26,95499,95042.56,94271.09,5979.94472886
1745971200,92911.88,95263.74,94271.08,94182.54,6511.31778605
1746057600,94136.79,97546.99,94182.55,96524.98,8334.02681063
1746144000,96369.69,97948.56,96524.98,96929.81,5709.61012071
1746230400,95765.13,96974.78,96929.81,95861.33,2077.55675998
1746316800,94151.67,96312.51,95865.47,94272.55,2834.39686495
1746403200,93500.01,95218.82,94272.54,94733.99,5181.01206583
1746489600,93363.28,96916.25,94733.99,96839.17,6164.34738969
1746576000,95800,97738.05,96843.84,97058.32,8328.69875473
1746662400,96888.25,104176.05,97058.33,103253.49,15379.43544074
1746748800,102330.76,104352.6,103252.2,102986.96,7318.60440182
1746835200,102831.41,104997,102986.94,104821.19,3104.17143581
1746921600,103360.22,104980.89,104817.83,104137.62,3055.22813204
1747008000,100703.71,105787.37,104137.58,102800.21,11005.40673978
1747094400,101447.78,105038.53,102800.22,104131.06,8727.89105836
1747180800,102603.27,104373,104131.2,103545.38,7628.70177301
1747267200,101400.01,104200,103540.91,103786.43,7563.00946962
1747353600,103125.51,104616.71,103786.4,103500.03,6881.65708111
1747440000,102612,103741.98,103500.03,103161.07,1848.95251021
1747526400,103130.95,106692.97,103162.53,106473.46,4130.60889099
1747612800,102105,107137.68,106488.77,105616.18,10104.32339011
1747699200,104209.18,107355,105616.21,106883.24,8804.38724819
1747785600,106128.14,110788.98,106883.24,109699.54,18333.91491262
1747872000,109217.23,112000,109697.19,111722.53,11250.38756124
1747958400,106800.01,111824.07,111722.54,107329.61,9638.23489571
1748044800,106895.77,109517.79,107332.08,107794.01,2611.3560546
1748131200,106632.35,109371.04,107794.01,109048.68,2996.9984274
1748217600,108706.04,110474.41,109048.41,109464.32,4641.38117417
1748304000,107536.41,110829.42,109464.33,108978.46,8827.06917845
1748390400,106790.16,109344.89,108978.45,107819.29,6474.20131287
1748476800,105315,108943.35,107819.26,105572.58,9305.58410478
1748563200,103634.48,106377.66,105572.58,104033.26,7866.16241154
1748649600,103110.01,104965.5,104033,104645.87,2403.60824408
1748736000,103800.81,105937.46,104645.87,105697.94,2369.92891564
1748822400,103685.23,106000,105697.93,105904.94,5818.90812007
1748908800,104910.01,106901.68,105909.79,105447.82,6486.4597778
1748995200,104202,106058.47,105443.95,104753.38,4505.03599201
1749081600,100345.73,105999.68,104753.37,101570.2,10627.57339852
1749168000,101132.91,105439.01,101570.2,104397.99,9677.25748525
1749254400,103969.7,106000,104398,105619.02,4141.10124271
1749340800,105028.3,106548.9,105619.02,105784.4,1998.61011035
1749427200,105368.27,110651.12,105784.41,110301.15,6581.24781856
1749513600,108362.14,110420.08,110299.69,110300.24,5433.6716937
1749600000,108091.74,110435.05,110300.25,108669.37,4603.3324446
1749686400,105706.78,108853.74,108673.77,105721.05,5734.67136139
1749772800,102746.01,106233,105716.45,106118.7,7441.52465913
1749859200,104351.72,106264.36,106114.53,105465.42,2256.48702523
1749945600,104505.05,106184.13,105465.42,105599.25,1722.80945227
1750032000,104982.26,109000,105600.21,106853.38,5952.98369341
1750118400,103363.3,107792.9,106853.38,104590.44,7688.94642443
1750204800,103512.38,105603.63,104590.44,104915.6,4918.14382744
1750291200,103916.37,105266.61,104915.6,104671.9,2279.05842007
1750377600,102357.25,106553.86,104671.4,103317.8,5047.63626176
1750464000,100919.19,104013.64,103317.79,102160.03,3287.51327489
1750550400,98225.01,103417,102160.36,100996.87,7872.25874446
1750636800,99677.07,106135.47,100996.87,105419.39,8910.86676597
1750723200,104681.83,106366.29,105418.4,106141,5773.20907668
1750809600,105875,108206,106141.01,107400.22,7072.65636297
1750896000,106605.88,108345,107400.22,107029.64,4900.22231656
1750982400,106413.79,107804.2,107029.63,107113.38,6310.43715745
1751068800,106868.94,107599.81,107119.17,107352.2,1227.76803255
1751155200,107230,108550,107352.2,108386.44,2154.86170312
1751241600,106724.76,108800,108386.44,107173.21,4839.04838063
1751328000,105262,107579.3,107173.21,105711.78,5152.72760186
1751414400,105119.7,109823.08,105711.77,108888.32,7995.79258367
1751500800,108574.31,110590,108887.03,109628.83,6434.57921608
1751587200,107268.84,109812.94,109628.83,108028.6,3129.21859997
1751673600,107783.1,108454.19,108028.6,108246.65,1513.15428554
1751760000,107837.7,109736.64,108246.66,109217.98,1651.18120197
1751846400,107507,109741.64,109217.98,108269.84,4455.08353019
1751932800,107438.33,109255.99,108271.49,108958.04,3785.3907416
1752019200,108329.87,112152.91,108953.58,111282.85,7683.83239574
1752105600,110541.87,116842,111282.84,116031.3,12920.20742934
1752192000,115211.74,118909.74,116031.29,117582.16,10116.886206
1752278400,116940.82,118244.51,117582.16,117472.65,2397.72381256
1752364800,117238.69,119500,117472.65,119130.81,3461.0430314
1752451200,118949.18,123231.07,119130.81,119863.71,13536.79954839
1752537600,115697.37,119973.3,119863.71,117781.64,23726.31356081
1752624000,117033.23,120134.8,117781.63,118681.68,9250.98642597
1752710400,117469,120998.76,118681.67,119273.69,8360.35130892
1752796800,116892.42,120918.68,119273.7,118023.05,8735.40386401
1752883200,117337.59,118564.59,118023.06,117914.17,1700.0997198
1752969600,116525,118921.76,117914.17,117312.7,2504.59032125
1753056000,116565.01,119745.93,117315.68,117428.79,5450.55450292
1753142400,116185,120300,117428.79,120026.42,7564.58852928
1753228800,117342.21,120180.93,120034.21,118810.44,5526.13819924
1753315200,117190,119557.7,118810.44,118397.04,7137.01277011
1753401600,114750,118518.2,118400,117633.27,24633.33644271
1753488000,117095.73,118371.35,117633.27,117969.63,6974.42930567
1753574400,117849.99,119800,117981.73,119465.52,4999.42180703
1753660800,117380.6,119839,119465.52,118070.59,7647.38438521
1753747200,116900,119284.78,118074.43,117933.39,6070.86335715
1753833600,115728.49,118809.43,117933.39,117830.15,4647.7410138
1753920000,115500,118920,117830.15,115761.13,4647.6521388
1754006400,112659,116065.12,115756.12,113248.73,9196.58441635
1754092800,112000,114023.58,113248.83,112542.74,2946.5811158
1754179200,111903.68,114794.99,112542.75,114215.73,2212.37278435
1754265600,114118.18,115756.06,114215.7,115051.85,4655.53866243
1754352000,112622.14,115112.75,115056.14,114112.95,4943.38930608
1754438400,113347.87,115749.99,114112.95,115028.83,4481.39474697
1754524800,114268.6,117687,115028.83,117515.49,5804.23960803
1754611200,115800,117687,117515.69,116683.79,4870.3042426
1754697600,116343.34,117937.89,116683.79,116492.51,2586.17129292
1754784000,116480,119324.08,116492.5,119309.37,2850.61404026
1754870400,118050,122319.14,119309.37,118701.84,7220.80819945
1754956800,118190.81,120327,118701.83,120113.18,4615.45835079
1755043200,118931.34,123740.24,120109.04,123365.63,8512.8860955
1755129600,117208.97,124533,123365.63,118389.79,10154.04939662
1755216000,116859.32,119339.57,118389.79,117436.96,4990.799358
1755302400,117222.01,118028.68,117436.95,117455.68,1781.69438526
1755388800,117249.49,118641.6,117455.69,117488.6,2021.61751952
1755475200,114703.26,117633.8,117488.59,116286.76,6762.85366719
1755561600,112696.56,116792.87,116286.75,112856.19,7918.58452813
1755648000,112344.11,114627.37,112853.66,114276,5764.27605073
1755734400,111964,114812,114276,112480.3,6033.74435365
1755820800,111649.75,117416.73,112480.29,116908.68,8547.72089091
1755907200,114505,116999.03,116911.9,115383.87,2245.41925268
1755993600,110635,115616.53,115383.87,113478,4602.76322486
1756080000,109275.74,113645.32,113478,110127.74,8509.20658676
1756166400,108670,112399.99,110127.74,111788.01,7735.56524843
1756252800,110351.11,112683.39,111788.04,111253.21,5151.42127925
1756339200,110858.78,113480,111253.22,112574.85,4637.29182209
1756425600,107469.13,112642.53,112574.84,108378.32,7806.0938333
1756512000,107369.69,108928.79,108378.32,108827.93,2828.67461609
1756598400,108060.79,109489.79,108827.92,108247.95,2702.50957636
1756684800,107250,109907.51,108247.95,109240.55,5396.96365977
1756771200,108400,111801.86,109240.55,111247.94,7398.40595759
1756857600,110533.77,112600,111247.94,111756.41,5205.45031255
1756944000,109321,112235.6,111756.4,110720.79,5253.71408228
1757030400,110202.36,113390,110714.48,110670.02,7218.59124481
1757116800,109993,111317.65,110670.02,110212.6,1621.65017738
1757203200,110200.01,111600,110214.21,111129.61,1646.11764246
1757289600,110600,112940.84,111120.38,112072.57,5158.43294831
1757376000,110765.72,113292.96,112072.57,111549.32,5158.45733241
1757462400,110919.55,114362.1,111546.61,113983.97,7249.99346721
1757548800,113433.92,115554.53,113983.98,115540,5575.3607407
1757635200,114774.19,116833.25,115540.01,116106.03,6493.57632751
1757721600,115177.53,116378.04,116106.03,115968.35,2173.49651785
1757808000,115166,116226.61,115968.33,115314.13,1967.88683794
1757894400,114395.84,116802,115314.12,115381.08,6142.67859527
1757980800,114750,117000,115381.07,116832.56,6012.58313417
1758067200,114724.57,117327.24,116832.56,116484.4,7151.30033814
1758153600,116125.08,117998.17,116484.4,117117.99,7140.41942024
1758240000,115132.71,117516.36,117117.99,115690.55,5874.11552075
1758326400,115463.22,116194.63,115690.55,115752.4,2830.8502542
1758412800,115237.16,115900.02,115752.9,115282.27,2071.01892785
1758499200,111761.22,115441.37,115282.26,112736.59,8494.39097785
1758585600,111502.08,113357,112736.59,112017.21,4512.04618772
1758672000,111066.07,113999.98,112017.21,113348.17,4932.88303511
1758758400,108623.7,113561.35,113348.16,109035.72,9197.26639402
1758844800,108645.02,110369.99,109036,109697.29,6826.16968974
1758931200,109116,109815.08,109697.29,109681.16,1950.48703402
1759017600,109230.98,112385.84,109681.15,112197.67,2397.09714427
1759104000,111582.65,114490,112197.66,114365.07,5553.41779958
1759190400,112695.85,114850,114361.66,114067.71,5044.09158186
1759276800,113975.5,118718.8,114067.71,118659.97,9687.1228881
1759363200,118336.01,121111,118662.72,120621.32,8816.90252269
1759449600,119327.83,123996.81,120621.33,122318.4,11835.08733617
1759536000,121572.64,122896,122318.39,122458.56,2705.28818527
1759622400,122195.28,125750,122458.55,123520.79,5820.77013157
1759708800,123115.77,126296,123520.8,124720.09,9135.3086452
1759795200,120636,125226.34,124723.57,121393.95,8699.84065383
1759881600,121090.06,124254.31,121393.96,123343.25,6727.94848453
1759968000,119713.65,123822.08,123343.24,121714.51,6980.15210285
1760054400,107000,122600,121714.51,112980.28,22432.34375511
1760140800,109683.96,113439.99,112976.01,110768.89,10041.88198008
1760227200,109687.46,115847,110768.9,115067.98,9699.03564495
1760313600,113700.27,116077.51,115067.96,115274.03,8147.76104518
1760400000,109945.86,115514.91,115274.03,113068,11955.35437582
1760486400,110185.87,113671.99,113072.18,110804.12,7440.03782479
1760572800,107464.53,112021.07,110804.11,108198,14792.78754529
1760659200,103516.75,109269.97,108197.99,106463.3,13824.34463474
1760745600,106357.69,107535.68,106462.09,107208.91,3552.60959467
1760832000,106091.25,109499,107208.91,108676.78,4841.63812975
1760918400,107449.91,111748.6,108676.77,110568.06,6286.43529012
1761004800,107444.6,114082.29,110568.05,108362.27,12890.45189253
1761091200,106639,109188.27,108357.99,107585.98,9311.33986567
1761177600,107511.46,111342.6,107588.02,110116.03,6881.35851313
1761264000,109725.51,112158.39,110116.02,111042.13,5915.09477083
1761350400,110693.01,111968.52,111042.13,111666.21,1478.94798996
1761436800,111260.33,115542,111666.22,114548.09,3808.17193597
1761523200,113833.12,116410.06,114561.69,114087.06,5491.52581938
1761609600,112203,116114.13,114087.06,112906.75,5342.86134585
1761696000,109000,113690.17,112906.75,110032.13,6110.48087693
1761782400,106279.33,111629.2,110031.65,108308.18,8481.34743643
1761868800,108266.11,111066.1,108308.02,109555.27,6858.47522213
1761955200,109342.47,110500,109555.63,110052.25,1707.44713625
1762041600,108800,111221.99,110052.25,110536.01,3777.57822519
1762128000,105271.67,110749,110533.83,106557.98,8657.30683772
1762214400,98892.97,107269.85,106557.98,101468.15,17052.82209797
1762300800,98950,104550,101468.16,103869,10844.84576039
1762387200,100235.02,104191.19,103866.67,101290.5,9488.56911128
1762473600,99170,104041.99,101290.5,103284.27,9981.70774039
1762560000,101422.74,103350,103281.79,102285.57,4365.22006206
1762646400,101372.58,105471.04,102285.58,104694.95,5545.42134633
1762732800,104240.76,106653,104694.23,105979.38,7737.06153627
1762819200,102422.43,107482,105979.38,103009.35,6574.79380402
1762905600,100803.2,105316.64,103017.21,101639.01,6053.08600012
1762992000,97870,104050,101636.03,99614.54,12710.66743459
1763078400,93951.32,99836.1,99610.49,94503.96,19645.40043753
1763164800,94222.2,96747.02,94501.08,95544.94,5157.02031554
1763251200,92943.83,96559.61,95544.94,94183.97,7161.13750207
1763337600,91158.35,95950,94182.03,92100.6,13319.956338
1763424000,89183.48,93775,92100.6,92914.46,16182.4672286
1763510400,88483.12,92948,92914.45,91461.6,15642.23320328
1763596800,85980.7,93080.91,91465.04,86536.88,18857.80134874
1763683200,80524.65,87395.93,86531.87,85068.88,31211.5604643
1763769600,83441.91,85547.11,85068.85,84684,7330.52185107
1763856000,84614.11,88100,84683.99,86808.28,9786.06365257
1763942400,85213.17,89225.6,86808.28,88266.2,14868.61469913
1764028800,86067.02,88486.82,88264,87325.01,10484.73675809
1764115200,86266.95,90628.53,87325,90468.84,11351.8707199
1764201600,90067.81,91925.4,90468.83,91316.7,8201.73046924
1764288000,90220.5,93161.86,91316.7,90902.7,9580.37061817
1764374400,90200,91199.99,90902.69,90828.06,3143.58444031
1764460800,90353.96,91980.8,90829.68,90369.51,3513.48557284
1764547200,83800,90433.7,90364,86282.36,16664.36191777
1764633600,86181.38,92342,86282.35,91308.05,13162.85699748
1764720000,91024.47,94181.41,91308.05,93453.84,9741.98216681
1764806400,90904.73,94087.05,93452.02,92093.54,6198.20707297
1764892800,88099.05,92716.42,92093.7,89345.29,8310.94183595
1764979200,88932,90296.32,89345.29,89267.97,3017.16860213
1765065600,87733.18,91779.99,89262.8,90402.29,4070.57697141
1765152000,89599,92291.96,90402.3,90653.86,6661.98775031
1765238400,89537.55,94640.66,90653.86,92690,9862.67083813
1765324800,91556.64,94500,92690,92035.99,8904.69319331
1765411200,89257.98,93594.76,92035.85,92542,9119.99377433
1765497600,89500,92791.26,92539.63,90278,6137.8902612
1765584000,89777.79,90657,90278,90255.32,1542.14542217
1765670400,87565.38,90496.16,90255.32,88171.61,3643.36533229
1765756800,85129.63,90064.74,88174.37,86417.5,9868.30482589
1765843200,85250,88148,86417.5,87854.01,7734.132664
1765929600,85267.69,90336.36,87854,86209.77,10021.43107061
1766016000,84400,89447.75,86209.79,85460.02,9840.74407994
1766102400,85052.78,89365.85,85460.85,88092.65,8046.9179144
1766188800,87780,88530.6,88092.65,88324,1807.74517583
1766275200,87501.01,89046.44,88322.01,88639.95,2361.91088803
1766361600,87846.17,90541.8,88639.87,88556.77,8901.70507789
1766448000,86533.86,88896.63,88555.03,87429.32,7050.61151888
1766534400,86350,88001.2,87429.32,87609.03,5007.9834145
1766620800,86899,88534.4,87609.02,87171.68,2819.32696132
1766707200,86569.53,89496.07,87171.46,87296.01,8673.64195064
1766793600,86944.24,87914.62,87296.17,87808,1955.01185796
1766880000,87349.52,88000,87806.75,87877.29,1859.62245916
1766966400,86675,90325,87877.28,87110.78,10415.66618294
1767052800,86704.98,89343.52,87110.77,88397.5,8725.01685173
1767139200,87082.64,89100,88397.24,87497.94,7261.18123917
1767225600,87361.74,88798.99,87497.95,88738.34,4001.39765552
1767312000,88272.08,90935.22,88742,89957.99,11442.48043957
1767398400,89284.13,90697,89958,90598.02,2951.65444679
1767484800,90598.01,91764.64,90598.01,91494,3198.89444605
1767571200,91479.28,94825.27,91489.03,93870.06,12349.57555407
1767657600,91203.13,94439.63,93870.06,93722.01,9651.48547871
1767744000,90576.24,93722.01,93722.01,91279.73,9317.16996001
1767830400,89200,91580.01,91279.73,91026,10333.23549339
1767916800,89583.58,91944.52,91024.01,90515.45,9272.64438525
1768003200,90251.43,90698,90515.12,90385.54,1733.85727298
1768089600,90109,91173.12,90387.36,90872.01,2262.85242889
1768176000,90003.46,92406.3,90878.51,91188.09,9683.74429824
1768262400,90925.17,96250,91188.08,95384.23,17153.5601987
1768348800,94518.63,97963.62,95385.59,96955.16,20696.88952587
1768435200,95066.19,97176.42,96954.02,95587.65,10619.32790923
1768521600,94229.04,95830.49,95578.2,95504,6286.36029783
1768608000,94980.12,95600,95503.99,95109.99,1754.07093263
1768694400,93559.78,95485,95109.99,93633.53,2607.76939988
1768780800,91935.3,93630,93630,92559.66,4993.56556058
1768867200,87767.53,92807.99,92559.65,88310.6,11134.88996796
1768953600,87156,90500,88310.6,89363.71,12539.4399225
1769040000,88408.65,90273.35,89363.71,89463.5,7075.16869109
1769126400,88440.65,91147.01,89463.51,89474.93,7381.22299218
1769212800,89007.01,89832.72,89474.94,89082.17,1801.82109589
1769299200,86000.13,89177.95,89082.16,86561.94,5428.58128865
1769385600,86411.7,88787.97,86561.94,88250.01,8219.90069049
1769472000,87180.01,89447.21,88250,89116.96,6475.09716863
1769558400,88706.32,90476.81,89116.96,89162.4,6636.13609913
1769644800,83216.21,89210.16,89162.4,84513.2,14860.94029344
1769731200,81000.12,84599,84513.19,84110.99,15232.81199203
1769817600,75644.15,84138,84110.99,78648,14855.0734429
1769904000,75612.75,79337.99,78648,76895.53,11545.9871474
1769990400,74502.21,79339,76895.99,78666.85,21193.37373311
1770076800,72859,79123.75,78666.84,75661.49,16467.12531015
1770163200,71703.72,76876.54,75661.49,72998,19764.62442772
1770249600,62181.65,73173.96,72999,62791,49371.20579141
1770336000,60001,71707.18,62788.28,70527.7,43810.88328386
1770422400,67293.26,71648.05,70521.08,69244.74,11251.84383408
1770508800,68840.83,72232.17,69250,70279.33,8090.44858999
1770595200,68233.01,71380.13,70279.32,70101.99,15546.49393947
1770681600,67857,70489.99,70101.98,68803.65,11566.41314985
1770768000,65702.95,69248,68803.65,67024.93,15121.43118138
1770854400,65065.47,68382.9,67032.71,66208,13823.46090185
1770940800,65799.71,69434.2,66207.99,68812,12104.28673482
1771027200,68697.63,70531.53,68812,69786.96,5586.9814678
1771113600,68020,70941.65,69786.96,68792,5965.51322769
1771200000,67251.81,70089.99,68792,68858.13,6626.85996745
1771286400,66569.58,69199.51,68859.55,67466.7,9122.62622708
1771372800,65812.57,68438.84,67466.7,66419.79,9687.16921753
1771459200,65604.63,67288.22,66419.78,66972.5,8505.29632895
1771545600,66427.23,68294.86,66972.49,67984.42,11349.70677085
1771632000,67516.93,68683.27,67984.42,67955.78,3287.0646747
1771718400,67132.81,68241.4,67955.78,67617.98,3263.5334723
1771804800,63855,67656.42,67616.01,64625.78,15198.01176266
1771891200,62534.61,64988.32,64625.78,64068.33,12517.40763597
1771977600,63912.25,70020,64068.33,67992.68,17322.54859823
1772064000,66500.92,68866.86,67992.68,67490.51,10678.27331982
1772150400,64942.87,68223.07,67490.5,65859.94,10276.79604611
1772236800,63019.6,67761.55,65859.93,66967.85,9093.24916408
1772323200,65008.38,68200,66971.54,65769,8511.88788603
1772409600,65250.12,70128.74,65771.56,68832.01,17772.46881037
1772496000,66138.2,69255.36,68832,68335.99,12823.7275946
1772582400,67391.17,74100,68335.99,72683.26,21142.77079177
1772668800,70639.01,73588.24,72683.26,70887.6,10891.71826063
1772755200,67725.14,71428.4,70887.61,68108.24,11045.21439575
1772841600,66921.33,68544.79,68108.23,67259.62,3245.05107908
1772928000,65618.51,68201.16,67259.62,65970.56,5505.17926548
1773014400,65820.93,69543,65970.56,68432.17,13303.95615379
1773100800,68383.5,71800,68432.16,69960.83,13322.43399947
1773187200,68980.74,71358.48,69960.83,70208,9851.72870494
1773273600,69180.01,70819.84,70208.03,70531.56,9708.42046678
1773360000,70398.01,73968,70530.02,70944.33,12304.21633821
1773446400,70236.02,71316,70944.32,71232.02,3174.08339322
1773532800,70868.41,73220.8,71232.01,72830.01,5785.61944649
1773619200,72276.24,74913.69,72830.01,74886.47,12657.43153702
1773705600,73400.01,76022.6,74886.46,73934.11,11357.85437394
1773792000,70474.83,74700,73934.11,71245.02,9248.1145105
1773878400,68772.78,71628,71245.01,69918.3,7794.02546506
1773964800,69360,71384.62,69917.19,70497.01,7315.89355875
1774051200,68562.13,71075.92,70497.01,68912.02,2856.70812643
1774137600,67332.05,69577,68912.02,67844.94,4889.89870785
1774224000,67425,71811,67844.94,70874.23,10354.71705596
1774310400,68889,71389,70874.22,70533.49,7238.74499869
1774396800,70357.1,72030.29,70533.48,71301.53,7665.36824144
1774483200,68102.36,71414.33,71301.52,68769.02,8225.19395173
1774569600,65498.75,69128.75,68769.02,66353.34,13681.42559929
1774656000,65876.61,67249.65,66353.33,66320.15,4011.39625322
1774742400,64938.66,67076.07,66320.16,65956.94,4588.31530898
1774828800,65736.63,68129.33,65957.95,66737.18,10707.53083699
1774915200,65924.82,68518.1,66737.08,68221.85,11831.5835043
1775001600,67525.59,69285.99,68221.84,68112.35,9804.6544448
1775088000,65696.96,68652,68112.34,66894.48,8813.97029196
1775174400,66275.01,67375.7,66899.11,66959.99,4181.03967015
1775260800,66770.64,67535.2,66959.98,67291.73,2412.86305009
1775347200,66600,69117.6,67291.72,69005,3810.37749315
1775433600,68332,70378.48,69005,68853.61,11182.35365631
1775520000,67710.01,72753.97,68853.6,71910.2,11156.72732306
1775606400,70684.65,72861.38,71910.21,71085.99,11083.24086941
1775692800,70468.74,73147.81,71083.99,71798.01,10707.78813462
1775779200,71431.55,73477.87,71798.01,72997.88,10066.64303661
1775865600,72564.35,73822.95,72997.88,73086,2795.93594516
1775952000,70512.7,73172.14,73085.99,70755.35,4443.04188961
1776038400,70576.27,74936.9,70755.35,74446,17452.66428951
1776124800,73854.5,76127.18,74448,74179.04,21086.20700901
1776211200,73545,75458.81,74176.09,74836.31,7732.11670824
1776297600,73298.01,75539.91,74839.97,75163.09,8138.95301491
1776384000,74558.21,78390,75163.09,77098.01,15414.90050977
1776470400,75473.81,77450.15,77098.01,75736.82,4245.3427458
1776556800,73777.86,76278.36,75736,73823.14,5477.34091341
1776643200,73741.53,74781.95,73823.27,74629.15,981.3925565
