time,btc_close,eth_close,btc_volume,eth_volume
1702771200,41349.59,2194.75,6649.06495765,56323.1405293
1702857600,42650.01,2218.71,13394.33474824,103052.23127627
1702944000,42266.22,2177.27,13403.93447528,122574.02370214
1703030400,43674.77,2202,19307.1089644,164826.68035353
1703116800,43875.32,2239.92,13170.9728222,136641.48600479
1703203200,44013.73,2326.35,10733.55348079,173481.66487576
1703289600,43726.35,2309.58,4075.08953972,71690.42077486
1703376000,43025.03,2265.33,4947.00165569,66756.02178328
1703462400,43589.67,2271.53,4799.73104807,46049.01449884
1703548800,42515.53,2230.91,13035.02745535,112774.77130849
1703635200,43474.4,2380.66,12917.48404475,167830.74188422
1703721600,42581.23,2344.94,13583.91599843,187887.79244123
1703808000,42063.45,2299.37,16756.43323881,155499.37553718
1703894400,42141.03,2291.15,11609.82377015,66344.10814823
1703980800,42288.06,2281.07,11397.57303743,94453.26052695
1704067200,44220.78,2352.76,7977.72851143,65735.83712724
1704153600,44972.8,2356.16,29583.38407747,146957.41838868
1704240000,42862.44,2210.49,32281.85234351,238855.87311254
1704326400,44193.29,2269.47,18193.81684353,139871.10592444
1704412800,44186.59,2270.35,18073.09561495,103166.13797897
1704499200,43992.44,2241.87,5691.43460343,43380.28085198
1704585600,43950.28,2222.69,5931.34650683,44609.45118075
1704672000,46995.1,2332.51,26447.17326625,124227.66088047
1704758400,46124.08,2344.93,26305.56366042,180275.73765795
1704844800,46666.11,2584.77,36534.39765866,317568.89216896
1704931200,46342.66,2618.31,38150.89478822,237306.47182505
1705017600,42773.03,2522.03,46862.43347199,254977.63549268
1705104000,42839.33,2578.12,10998.76404264,121668.19007134
1705190400,41697.33,2470.66,7834.26155365,103969.50283893
1705276800,42490.16,2509.94,10869.45830576,72919.16160111
1705363200,43130.45,2586.83,18180.4405406,98820.86634244
1705449600,42739.49,2527.94,16381.8407159,78118.40218361
1705536000,41293.5,2468.82,25097.42399202,128802.61780602
1705622400,41624.07,2490.13,22745.55271173,96947.20379828
1705708800,41666.67,2470.44,4836.63124969,27547.90442945
1705795200,41554.05,2455.52,3138.26294449,20818.01056422
1705881600,39524.27,2311.34,26539.34338688,152916.39516189
1705968000,39878.3,2240.81,21966.56334645,186226.75172366
1706054400,40077.78,2234.06,17438.97734668,72772.97341402
1706140800,39941.66,2217.3,12978.7331205,75539.58539235
1706227200,41814.8,2267.34,19359.37921096,94910.54129622
1706313600,42126.55,2268.07,3774.45056434,30982.52441099
1706400000,42034.59,2256.51,4298.44263812,39248.46860701
1706486400,43306.18,2317.42,12529.09255982,63329.25489388
1706572800,42942.78,2342.96,16384.61219735,96526.62504443
1706659200,42548.08,2281.6,15320.62044085,85201.8639706
1706745600,43078.81,2303.61,11526.63383073,62864.78139733
1706832000,43181.66,2308.03,12202.24125895,50538.33300083
1706918400,43010.67,2295.97,2254.45335539,17826.99315399
1707004800,42568.55,2288.82,2643.251649,29623.64332388
1707091200,42657.67,2298.91,8756.87806894,44870.36550212
1707177600,43095.79,2372.09,7940.36830921,102729.57926297
1707264000,44343.61,2424.55,12440.36853251,81310.98318267
1707350400,45305.2,2419.78,19283.80580787,111654.90807514
1707436800,47160.41,2487.84,22108.85067543,121261.76511101
1707523200,47767.06,2501.08,5663.309891,33777.58281582
1707609600,48316.3,2508.11,5243.1260706,37979.95085055
1707696000,49941.81,2661.03,18545.08725852,115679.36286012
1707782400,49725.36,2641.63,20471.56790372,128589.09309863
1707868800,51858.59,2777.56,20249.94369733,110804.3856468
1707955200,51934.29,2825.94,18465.04404385,123679.76881122
1708041600,52162.64,2803.89,13816.27351282,108579.83594863
1708128000,51666.22,2786.83,5387.3486576,50463.18174055
1708214400,52153.63,2882.06,3997.17143898,64492.75636679
1708300800,51787.05,2945.43,6009.01451962,102810.47000218
1708387200,52277.52,3015.56,15888.87599974,162450.24960627
1708473600,51851.67,2968.37,13735.03407249,168311.07685356
1708560000,51258.7,2969.77,13104.51408087,159019.68302075
1708646400,50747.05,2921.79,11679.16625824,95313.32394229
1708732800,51570.65,2992.66,3448.96576791,46828.0872104
1708819200,51731,3113.17,3617.40106809,86028.2084838
1708905600,54533.48,3178.34,22422.38763854,149112.056773
1708992000,57077.07,3243.84,28791.48651731,144336.78996453
1709078400,62518.9,3386.64,48265.6721171,231321.85685237
1709164800,61179.03,3341.78,36825.89535085,184874.52035185
1709251200,62436.72,3436,24696.65692545,108273.12334217
1709337600,62045.78,3424.04,6882.38410251,59797.37297303
1709424000,63154.49,3489.53,7314.17629968,65187.6206346
1709510400,68360.14,3633.23,40600.36656889,152726.49937298
1709596800,63800.78,3557.41,65575.09537327,365410.47754845
1709683200,66122.28,3821.82,34655.98799427,219365.56854364
1709769600,66938.21,3875.28,22228.36739914,137053.14296446
1709856000,68289.16,3892.6,33749.52797544,165705.35869307
1709942400,68480,3913.55,9005.50992187,62180.56431897
1710028800,69032.12,3881.96,12163.05713369,84572.21007878
1710115200,72110.98,4066.21,32332.72583229,189041.07032596
1710201600,71475.93,3980.34,29420.19277654,174639.81824993
1710288000,73135.04,4007.7,21455.92195688,133886.82772964
1710374400,71364.58,3880.45,34226.602618,190612.34558486
1710460800,69506.88,3742.95,40195.84231178,252124.79920745
1710547200,65254.22,3520.1,16532.825303,116692.68177422
1710633600,68343.64,3641.02,12631.85084112,109583.54224228
1710720000,67613.04,3520.66,20057.37580028,119847.05230624
1710806400,61906.27,3156.97,40111.97553957,257986.0718834
1710892800,67858.8,3516.68,38590.78345488,324768.03382929
1710979200,65484.7,3491.78,18523.96247162,148636.00452543
1711065600,63814.56,3337.41,17807.65930238,163488.1093582
1711152000,63998.86,3330.05,7395.08270425,94959.72106776
1711238400,67204.93,3454.67,6535.8276512,60606.08564157
1711324800,69890.28,3591.02,22228.13803338,119411.57116768
1711411200,69992.4,3587.67,15697.73440865,97999.11894572
1711497600,69435.96,3499.56,18703.73738295,113287.84057127
1711584000,70801.18,3561.1,15224.17928189,82506.6359203
1711670400,69903.75,3511.08,7365.03204354,60142.83951755
1711756800,69626.87,3507.51,3262.62331859,49286.0694304
1711843200,71288.9,3645.48,4424.66955382,53825.13202391
1711929600,69681.82,3505.85,13916.60016523,97053.82915967
1712016000,65464.14,3279.64,23496.58634089,148814.96574824
1712102400,65987.92,3312.43,14506.55934744,99323.0886667
1712188800,68525.23,3329.39,18624.08140025,108312.21150232
1712275200,67856.51,3319.26,15515.82134206,82464.50869563
1712361600,68919.89,3352.66,3985.44167764,35789.96297357
1712448000,69350.34,3453.67,5766.41938443,40642.58459362
1712534400,71622.53,3694.56,16648.69284289,117580.32397415
1712620800,69117.01,3504.58,15143.52341376,104295.66540925
1712707200,70634.04,3546,16655.987797,83472.76785832
1712793600,70020.73,3503.06,11001.16448135,73843.06830002
1712880000,67148.61,3239.31,23509.75554216,158974.418562
1712966400,64024.77,3011.39,27548.47240557,241260.34609045
1713052800,65777.05,3158.06,21604.05147827,160742.93293593
1713139200,63452.18,3103.13,21672.73701332,129021.87609399
1713225600,63814.94,3085.25,17710.28213211,117411.00495166
1713312000,61279.36,2984.98,21812.15297865,122585.77561348
1713398400,63513.85,3065.82,15249.84211445,91513.42190694
1713484800,63848.37,3057.93,22838.07934159,126465.06248187
1713571200,64968.87,3157.01,5157.40726514,42703.49658553
1713657600,64952.92,3148.1,4487.48723219,34111.84839622
1713744000,66859.17,3201.46,10977.05178637,70530.52584425
1713830400,66414.16,3219.49,8840.16749844,69940.4136472
1713916800,64255.78,3138.91,15083.5524347,88784.32655222
1714003200,64484.44,3155.36,13256.29877715,95350.39968519
1714089600,63742.39,3130,10151.96247701,69330.93637665
1714176000,63422,3253.04,5312.16741262,65631.20199995
1714262400,63108.94,3262.6,4415.96831554,66716.10732189
1714348800,63844.85,3215.53,10712.13554316,85704.21545809
1714435200,60622.1,3011.4,21106.65540758,122376.47890903
1714521600,58265.59,2968.12,26611.9312734,148775.73927121
1714608000,59071.89,2986.32,13593.00905888,74253.44635959
1714694400,62913.03,3103.27,15954.29032707,82328.62907159
1714780800,63902.88,3117.41,6414.57464352,37445.2105609
1714867200,64023.45,3136.95,4474.5195919,38526.42777835
1714953600,63162.24,3062.69,11241.77217344,79596.65949657
1715040000,62315.76,3005.78,8994.93773002,62108.80446702
1715126400,61169.53,2972.82,7486.42596849,52553.55510881
1715212800,63073.57,3035.92,8360.0553824,56610.30197974
1715299200,60787.47,2909.43,11511.12990976,79016.14737388
1715385600,60814.63,2911.75,2338.06810837,26841.15468691
1715472000,61453.02,2927.75,2694.97577935,23851.53354001
1715558400,62932.37,2950.21,9170.80865115,81949.54698641
1715644800,61539.84,2880.4,13456.61307634,84843.49382255
1715731200,66244.69,3033.2,21821.38858725,102425.75517286
1715817600,65252.18,2945.11,12012.70197182,79847.19015756
1715904000,67046.33,3093.39,11710.00723895,80378.06214215
1715990400,66923.87,3123.99,3880.58113972,35887.59340775
1716076800,66261.62,3070.9,3565.11346165,36279.72976482
1716163200,71432.17,3661.52,20415.88691709,280881.20562155
1716249600,70142.84,3789.37,16102.06132545,253191.48042776
1716336000,69109.93,3735.99,10889.10300904,152993.45828385
1716422400,67940.45,3780.83,14340.27843589,309961.25314343
1716508800,68547.8,3726.89,10374.95988085,112184.8378011
1716595200,69289.67,3749.06,2501.11901959,33301.97878165
1716681600,68473.72,3823.83,2037.67329089,57883.65812154
1716768000,69368.72,3890.72,5384.62278063,71151.44619506
1716854400,68321.98,3839.98,11975.93086328,100613.04720901
1716940800,67569.45,3762.11,8970.02059069,108846.32940744
1717027200,68338.58,3746.74,11841.26381893,96742.8620579
1717113600,67472.41,3758.44,10690.85876224,83743.90660225
1717200000,67719.29,3812.48,1949.57008052,33739.89750423
1717286400,67735.52,3778.88,2997.15241527,44725.20926266
1717372800,68791,3766.09,11884.90882705,66419.59243831
1717459200,70542.32,3810.29,18042.19396496,57771.03645715
1717545600,71121.11,3866.57,10123.1802918,67943.79281961
1717632000,70773.64,3812.09,7716.5079994,53756.6117727
1717718400,69324.53,3676.35,13768.98185265,110370.11489481
1717804800,69304.05,3680.84,2631.94610412,28751.32754441
1717891200,69637.87,3706.27,1826.03995531,19656.41005708
1717977600,69497.73,3665.86,6088.40363232,43724.86169828
1718064000,67316.53,3497.31,17354.68915468,137575.16363517
1718150400,68248.6,3559.14,17140.01139413,98483.84286884
1718236800,66738.85,3467.65,11916.13211129,108846.17560996
1718323200,66004.39,3479.53,11520.15791899,102617.12125958
1718409600,66192,3566.69,2004.1421548,56700.50673905
1718496000,66628.75,3622.1,2118.65163435,44147.59671264
1718582400,66481.81,3509.55,14487.64060903,111781.88622712
1718668800,65152.8,3482.06,15937.73176483,129044.70825538
1718755200,64943.79,3559.14,4958.38361329,103693.89596402
1718841600,64840.88,3510.73,9346.70807899,108383.66568546
1718928000,64120.28,3517.19,9816.79599936,103321.37276566
1719014400,64235.01,3494.09,2324.21500373,30077.22258147
1719100800,63171.43,3418.42,2054.79092364,43942.98809967
1719187200,60263,3350.59,21418.04594647,171526.13894959
1719273600,61789.71,3393.6,15201.5824773,105747.82411729
1719360000,60816.68,3369.31,11392.79835017,82891.50854776
1719446400,61615.39,3445.58,10530.35898848,76984.49380219
1719532800,60313.35,3373.62,11381.0258738,102502.65124597
1719619200,60885.67,3373.26,3199.03650127,24185.37815898
1719705600,62668.26,3432.37,4263.22924826,33619.80014887
1719792000,62830.13,3438.59,12326.70696465,61636.24032048
1719878400,62040.22,3416.17,10688.64132628,43494.06793371
1719964800,60145.01,3291.73,12066.71677065,87308.24050746
1720051200,57042.14,3058.89,17969.35692426,128764.42789612
1720137600,56639.43,2981.74,28052.41501655,246354.98758317
1720224000,58244.75,3067.39,6449.32501293,53153.51902767
1720310400,55854.09,2930.78,5320.91645368,43012.58338564
1720396800,56699.43,3018.48,19043.04861272,142216.07981425
1720483200,58047.86,3066.51,11757.76025902,59915.93941771
1720569600,57712.59,3100.3,11619.63229345,67608.08879775
1720656000,57340.77,3099.29,11433.53379518,77797.90457066
1720742400,57909.03,3135.05,10516.60400149,49238.51060916
1720828800,59224.58,3176.71,4255.10545721,26046.02798174
1720915200,60808.42,3246.38,6132.37403058,38866.26158568
1721001600,64757.16,3485.87,20601.73387957,110069.74915363
1721088000,65088.99,3446.67,14691.92002303,90433.49001457
1721174400,64085.81,3387.45,10647.79709095,69258.00394095
1721260800,63982.86,3425.58,7637.52760383,62188.79112524
1721347200,66707.61,3505.75,15163.05745737,82780.35096942
1721433600,67163.83,3519.06,4671.38885135,29367.4769642
1721520000,68181.28,3536.2,6027.86201344,41195.37901679
1721606400,67558.22,3441.1,11844.79119584,55522.37465033
1721692800,65939.24,3482.9,10791.03782177,134627.15575407
1721779200,65366.4,3334.99,7702.25551129,108661.70978004
1721865600,65795.42,3174.3,10452.25571747,201536.44580506
1721952000,67924.08,3274.95,9315.20918753,88789.0006109
1722038400,67899.41,3249.25,10233.62198513,55872.3354621
1722124800,68244.3,3269.98,3505.5483691,30497.48961316
1722211200,66771.45,3317.55,13641.48475825,111549.61997732
1722297600,66169.68,3278.27,8733.57157991,86408.39509467
1722384000,64609.62,3231.81,8986.37529253,87723.99196968
1722470400,65288.18,3200.54,15636.72205775,115192.55494313
1722556800,61418.06,2985.84,15390.00963957,124022.20884018
1722643200,60674.93,2901.72,8019.39450918,77878.90239055
1722729600,58130.95,2688.31,10319.01091658,110939.31000409
1722816000,54029.12,2420.37,59125.78926672,750156.04400364
1722902400,56048.08,2462.52,16897.67519536,240973.21880433
1722988800,55148.1,2343.66,13971.5151871,212737.26981056
1723075200,61705.58,2683.59,20623.04985861,223682.42122768
1723161600,60862.13,2599.94,11569.80744379,119799.43778503
1723248000,60935.02,2610.69,3157.63609699,32933.24488872
1723334400,58722.49,2555.58,5229.37008498,54293.38934167
1723420800,59358.78,2723,12183.92944247,117387.83172402
1723507200,60603.19,2703.49,10879.76363828,87846.22008954
1723593600,58690.62,2661.67,12938.61473824,127821.69398089
1723680000,57543.61,2570.5,14506.63316989,112161.44239141
1723766400,58888.99,2593.75,11930.21788221,73034.64702326
1723852800,59497.49,2614.64,2787.56355634,16028.49990746
1723939200,58437.9,2612.68,4325.64817169,43718.56501864
1724025600,59452.67,2637.15,8539.29378706,54465.58022979
1724112000,59017.59,2573.04,11062.05279919,83115.06804761
1724198400,61163.28,2631.14,13380.11101719,68713.01543658
1724284800,60383.29,2623.3,9608.6955368,45949.34305893
1724371200,64086.72,2764.73,17852.77117167,97692.03219144
1724457600,64179.63,2769,5020.91676004,52952.63243867
1724544000,64251.93,2747.57,4012.30764642,28841.52308192
1724630400,62840,2680.77,10741.96651081,60514.38739416
1724716800,59439.64,2458.22,14195.89496578,110269.50067621
1724803200,59045.88,2528.51,10001.12169866,115962.75554378
1724889600,59364.47,2527.71,10933.22040343,78636.42412331
1724976000,59112.77,2525.74,9382.9124508,85657.73143674
1725062400,58968.37,2512.62,1368.21775121,14398.21727088
1725148800,57299,2425.9,4411.05388122,40597.47657667
1725235200,59139.83,2537.81,4318.6544603,52519.15338901
1725321600,57468.84,2424.18,8264.44971184,59281.30494802
1725408000,57971,2450.46,13715.96171494,112229.09718802
1725494400,56156.82,2367.8,12281.57828747,73779.98448771
1725580800,53950.01,2224.46,18495.45064356,158686.218366
1725667200,54156.33,2272.88,3284.57722628,48605.25284293
1725753600,54881.11,2297.47,3684.86816392,48917.56725194
1725840000,57053.9,2360.1,10203.03329517,91965.44801791
1725926400,57645.59,2388.26,6433.21371111,63305.03364559
1726012800,57352.79,2340.54,11678.94297124,83110.11059986
1726099200,58137.54,2361.63,10175.62390483,67554.09932317
1726185600,60543.35,2440.96,11935.95544754,84983.24145206
1726272000,60012.35,2418.19,3147.39019631,29335.9983637
1726358400,59122.33,2316.37,3975.3568185,48995.2967581
1726444800,58208.75,2295.21,7654.10991835,83080.821853
1726531200,60312.6,2342.1,11701.89074715,87006.28326236
1726617600,61769.18,2374.59,11471.50683029,95717.21636064
1726704000,62960.14,2465.84,15075.86835522,110765.46794849
1726790400,63210.69,2562.02,10636.1082809,95098.81621245
1726876800,63362.74,2613.16,1960.85712028,45981.75244353
1726963200,63577.66,2580.92,2882.2341982,40733.97945098
1727049600,63338.87,2646.72,7014.74459935,103739.53519625
1727136000,64272.93,2653.31,8933.46473574,101399.56360844
1727222400,63130.89,2579.25,5909.09510453,75241.26087497
1727308800,65177.21,2632.53,12789.85035505,76698.05571684
1727395200,65789,2695.37,9529.0168808,100248.85127199
1727481600,65858.99,2675.79,2755.22680581,24386.06817246
1727568000,65600.01,2657.89,2721.35197741,27101.55183847
1727654400,63301.25,2601.27,10629.74147917,73292.74710664
1727740800,60790,2447.55,15970.80295516,155891.69082296
1727827200,60631.37,2363.76,8764.03050337,91854.68404245
1727913600,60744.99,2349.97,7834.55718072,75055.04033974
1728000000,62090.71,2414.43,7884.21831808,63427.16619712
1728086400,62051.29,2414.51,1783.56564961,17445.77099774
1728172800,62810.86,2439.84,2086.21821773,17368.14003888
1728259200,62200.28,2421.68,10707.1500015,73870.56676745
1728345600,62122.02,2439.48,6566.33034742,60536.06425091
1728432000,60578.28,2368.66,7582.36723494,69323.07080214
1728518400,60279.53,2384.32,10462.57962276,87146.39549393
1728604800,62518.75,2438.77,11454.9900534,79629.60253014
1728691200,63187.47,2475.79,3943.90648994,26831.83205704
1728777600,62845.3,2467.67,2257.61460657,28115.6827349
1728864000,66065.65,2628.74,13638.71106556,134863.19504511
1728950400,67056.6,2606.63,16324.01191342,147272.65006204
1729036800,67608.44,2610.54,12465.75691229,97943.12619857
1729123200,67402.33,2604.91,7912.22639285,67668.26380459
1729209600,68426.11,2641.98,11802.74441943,82644.360255
1729296000,68363.73,2647.97,1868.86958754,17748.96060487
1729382400,69014.86,2746.22,2632.89214855,42114.940021
1729468800,67346.15,2665.35,10226.59346669,67046.17608835
1729555200,67380.08,2620.84,8598.06472763,70709.73288592
1729641600,66601.11,2521.94,9021.17140157,78368.44781749
1729728000,68156.84,2533.99,10016.19830413,73450.47584406
1729814400,66564.51,2436.01,14485.49253537,137844.37834249
1729900800,67012.56,2479.49,2949.2199701,40555.3054383
1729987200,67943.19,2504.69,2819.59766921,30629.2909461
1730073600,69924.5,2565.66,16140.14013624,94688.91402615
1730160000,72724.35,2637.85,20616.91187006,115494.41095118
1730246400,72322.91,2658.16,13543.49337837,123666.92523955
1730332800,70197.83,2514.84,14726.78460342,93810.99937796
1730419200,69467.29,2510.27,15295.28781188,81541.95205262
1730505600,69358.94,2493.44,2203.99644104,25043.70021838
1730592000,68738.18,2456.57,6758.88506466,56798.1927346
1730678400,67807.48,2397,12431.01371517,63678.82358185
1730764800,69380.73,2422.24,12867.66127618,88639.61877167
1730851200,75646.55,2724.27,45398.11837369,248257.23507707
1730937600,75920,2897.65,21932.40207681,235254.1674329
1731024000,76566.73,2964.09,18378.39876264,182093.85658108
1731110400,76716.06,3127.97,4836.57005338,114010.46176319
1731196800,80428.92,3186.07,16728.21105103,169077.54310611
1731283200,88770.73,3375.78,35560.11866694,264362.44195086
1731369600,88035.43,3247.21,40111.80924643,277504.30741055
1731456000,90493.82,3191.45,42318.6909168,227462.32128441
1731542400,87340.4,3059.04,23422.75915863,148297.67622951
1731628800,91058.36,3090.76,20388.33115227,148569.2491386
1731715200,90636.24,3134.25,6598.0269304,76918.18159684
1731801600,89886.69,3076.79,5574.55122824,76318.32370264
1731888000,90520.3,3209.21,17340.77166451,139240.77207001
1731974400,92435.89,3111.7,18267.16111244,123941.60602607
1732060800,94393.15,3072.24,20329.039987,128820.64743852
1732147200,98439.09,3359.9,31188.09394751,263174.60425898
1732233600,99024.03,3331.77,29936.62215019,168501.02810417
1732320000,97778.77,3397.51,12072.47203722,144344.7907436
1732406400,98028.18,3365.16,8654.77135767,83921.83934738
1732492800,93000.01,3414.72,20695.912495,237872.13228768
1732579200,91929.54,3323.67,17848.01962899,163133.91511773
1732665600,95951.19,3657.63,15213.90946356,215323.88671149
1732752000,95665.53,3579.11,5586.55288339,106524.93169029
1732838400,97490.56,3593.67,12587.02498942,137566.64651708
1732924800,96465.42,3706.35,3476.04255853,93227.76397971
1733011200,97263.18,3710.24,4039.27591451,81383.91544408
1733097600,95862.89,3644.52,15554.61486745,175600.09449684
1733184000,95924.52,3617.59,17898.7046212,171602.2838125
1733270400,98746.24,3843.33,17528.92050771,271861.29252455
1733356800,97044.23,3788.93,36399.8182427,279984.20786923
1733443200,99891.35,4004.83,17801.21293952,238314.83515241
1733529600,99929.32,4000.01,4774.3508777,68451.91637822
1733616000,101174.99,4006.75,4230.35225168,53096.54067022
1733702400,97324.81,3713.57,20103.05073464,249048.23608556
1733788800,96660.76,3630.34,20620.53877488,224597.72358534
1733875200,101202.11,3835.08,21190.23753294,159702.34530659
1733961600,100030.47,3882.68,14796.92456547,155214.19673209
1734048000,101428.75,3907.87,13327.59954074,122136.22549054
1734134400,101399.99,3869.25,4181.40180281,47709.20178216
1734220800,104447.76,3957.7,7796.33358128,56559.95110714
1734307200,106099.81,3987.6,22575.87902891,189528.18368088
1734393600,106136.99,3893.54,11994.58863972,125248.61133174
1734480000,100150.73,3624.84,22294.42835455,187093.0728241
1734566400,97372.21,3414.35,23522.12863874,304672.23375305
1734652800,97765,3470.47,21766.62386138,318980.65790952
1734739200,97230.08,3337.09,6451.43271418,95122.34009357
1734825600,95087.75,3278.6,4933.50127735,72542.86862482
1734912000,94764.56,3418.12,13476.98947566,176709.65124672
1734998400,98594.47,3491.13,13355.36314305,103337.99180753
1735084800,99346.28,3493.95,5254.2370598,41327.45699372
1735171200,95669.49,3330.86,11403.37268934,103793.19567204
1735257600,94171.89,3328.6,13169.12897588,121870.90269822
1735344000,95130.82,3397.87,2722.6591363,35155.97941995
1735430400,93563.35,3350.23,3417.52751094,30260.81890531
1735516800,92620.71,3355.66,15271.24432744,98737.16292017
1735603200,93354.22,3330.32,10348.6325655,94223.76498048
1735689600,94383.59,3353.32,6871.73848196,113635.9777943
1735776000,96903.19,3452.39,10912.47383962,86207.50853825
1735862400,98136.51,3607.68,9021.88538159,102329.32252706
1735948800,98209.85,3656.4,2742.08960614,49524.86729196
1736035200,98345.33,3635.46,2377.92175899,36837.72295697
1736121600,102279.41,3688.74,15173.55606778,106106.62657887
1736208000,96941.98,3380.29,16587.2869223,149342.34303939
1736294400,95036.63,3326.29,14182.29739458,130070.303195
1736380800,92547.44,3218.81,9712.37853215,128267.34648667
1736467200,94701.18,3266.53,12634.03407823,115536.39025356
1736553600,94565.02,3282.01,2638.69956767,31509.24900704
1736640000,94509.62,3266.02,2025.81612971,39914.90204276
1736726400,94506.45,3136.08,13094.86359481,175346.06715095
1736812800,96534.96,3223.97,11210.74226727,99770.14179138
1736899200,100510.23,3451.58,13610.74729401,148647.52185627
1736985600,99981.78,3307.73,12312.37366854,136122.61797511
1737072000,104107,3475.47,20518.30949325,150453.58019826
1737158400,104435,3304.07,7835.29991824,151938.03835066
1737244800,101211.13,3210.03,13312.63685598,298299.62598353
1737331200,102145.43,3280.4,32342.18311338,290972.59781939
1737417600,106159.26,3327.57,19411.23488978,151693.96697671
1737504000,103667.11,3241.35,10730.018962,92936.50329584
1737590400,103926.36,3338.67,25064.86499945,143070.07538594
1737676800,104850.27,3309.72,12921.99361413,156732.03584317
1737763200,104733.56,3318.37,3404.85308291,54942.68192937
1737849600,102563,3231.48,4575.36611531,73002.88372238
1737936000,102062.42,3181.93,23647.14111877,210052.48844331
1738022400,101290,3076.06,9488.53429464,114845.18340866
1738108800,103747.25,3114.03,11403.20278905,146256.01605527
1738195200,104742.64,3247.48,13061.34881233,115394.80466779
1738281600,102411.26,3299.99,13313.68104489,175027.24810392
1738368000,100623.85,3116.78,3390.25555744,78248.09835402
1738454400,97676.52,2869.25,10366.65062753,185502.0852722
1738540800,101460.2,2883.62,31328.72219576,740839.23312985
1738627200,97795.05,2732.07,14168.7031661,364753.54972783
1738713600,96638.33,2788.3,9308.59185883,192546.34864221
1738800000,96564.62,2687.1,9168.94674634,169430.89789344
1738886400,96537.08,2622.95,12171.82534167,182738.50499497
1738972800,96476.25,2632.62,2972.45715184,128631.57438449
1739059200,96475.82,2627.87,3417.87009701,91400.38607088
1739145600,97444.41,2661.87,6375.72539123,109998.03360165
1739232000,95774.08,2602.03,7737.05105717,129799.77478026
1739318400,97862.53,2738.58,9078.50356189,162873.98962217
1739404800,96625.29,2676.09,6803.6078927,127721.98336554
1739491200,97509.03,2726.32,7744.67640105,128927.50134811
1739577600,97596.94,2693.58,1626.51929078,40084.20408191
1739664000,96119.88,2661.51,2174.29326885,52326.61083108
1739750400,95781.8,2744.1,3533.01273263,137419.86385484
1739836800,95607.4,2670.59,8867.39878431,133442.2018924
1739923200,96632.03,2715.27,6945.44897339,100984.73251454
1740009600,98347.2,2738.65,10582.84622768,88538.81529699
1740096000,96157.03,2661.69,19298.23921958,298706.61877983
1740182400,96582.12,2763.5,7324.02366243,83103.0458881
1740268800,96265.98,2819.63,3787.84705335,95606.18967107
1740355200,91510.82,2513.35,12644.0435007,199034.77624736
1740441600,88583.74,2492.37,31587.91715546,367833.55676734
1740528000,84111.78,2332.93,21568.55463119,225247.77404589
1740614400,84625.19,2305.21,16836.55524727,161479.6523548
1740700800,84297.73,2236.36,30755.74245077,349901.13722453
1740787200,86018.76,2216.51,6852.5441262,87043.0102361
1740873600,94265.48,2518.39,16751.22972996,315998.58200778
1740960000,86161.1,2147.53,22691.67068614,322327.3085523
1741046400,87249.96,2170.92,23130.37098654,432432.0996775
1741132800,90603.73,2241.53,14900.93396554,165354.51710988
1741219200,89921.85,2202.42,13303.43744669,155071.09381971
1741305600,86756.98,2140.81,27137.2022302,262699.28057767
1741392000,86206.69,2203.03,3023.2478665,57548.29986961
1741478400,80699.17,2020.02,7565.44749561,127517.5417569
1741564800,78544.71,1864.12,21375.10120997,362167.30853475
1741651200,82914.51,1923.08,17096.37980265,340034.80127314
1741737600,83659.43,1907.93,12617.220582,227178.14493919
1741824000,81073.43,1863.81,10506.80043483,156763.1076532
1741910400,83980.49,1911.65,10857.45703924,95560.30533948
1741996800,84351.46,1937.61,2331.92028578,37624.28395569
1742083200,82562.57,1886.8,4059.89765099,50658.46951025
1742169600,84011.4,1926.28,7785.97733364,80268.22626745
1742256000,82698.76,1931.25,7316.63296603,98061.93923964
1742342400,86877.96,2057.06,13056.03519886,196188.24544574
1742428800,84183.42,1982.67,9880.31696275,117335.61367471
1742515200,84061.96,1964.98,6257.63558757,82472.92563047
1742601600,83852.03,1980.35,2108.51345069,40334.50630982
1742688000,86092.94,2005.97,3467.46945277,48751.22482465
1742774400,87523.62,2081.62,13107.50391644,140535.73445256
1742860800,87427.88,2066.78,10153.98312373,78429.61811816
1742947200,86926.01,2009.72,6885.71986041,122121.17620874
1743033600,87217.48,2003.32,6904.09386105,85676.54038226
1743120000,84381.8,1896.23,10031.80008987,231796.08413787
1743206400,82616.83,1827.39,3194.24303663,103414.81225118
1743292800,82379.98,1807.31,2472.72302228,100497.70390842
1743379200,82534.32,1822.03,6887.94694226,139811.10321108
1743465600,85170.37,1905.13,9130.97692565,145912.60901118
1743552000,82490.08,1794.7,16748.28262337,257321.35292484
1743638400,83174.33,1816.36,11800.91106566,186281.09068551
1743724800,83860.16,1816.39,14593.03092888,215577.6441354
1743811200,83498.25,1805.09,2836.42920662,40241.31817836
1743897600,78370.75,1579.77,11014.8594773,269650.3588939
1743984000,79140.01,1552.64,26706.52930797,698812.70148075
1744070400,76251.64,1471.94,14917.02351692,261089.46902982
1744156800,82594.75,1669.27,23584.94464084,398819.27794972
1744243200,79552.34,1521.51,11876.12778689,228219.61361863
1744329600,83380.47,1566.13,9964.68703141,143453.42676045
1744416000,85271.01,1643.85,3972.49282052,87012.16952171
1744502400,83733.07,1597.04,3904.15929557,111889.23396001
1744588800,84590.36,1624.03,7247.02343319,130644.29007707
1744675200,83629.78,1588.64,6461.77024421,112545.45377041
1744761600,84028.72,1577.27,8246.73748903,119238.8795804
1744848000,84961.97,1583.83,5865.70077325,92253.60889083
1744934400,84466.47,1588.57,1884.07668707,37357.55064718
1745020800,85074.99,1612.87,1683.30746873,48914.4709325
1745107200,85177.34,1587.32,1812.14325365,64780.491809
1745193600,87522.07,1579.55,12603.75828155,143500.37227559
1745280000,93489.1,1757,19460.09432868,332380.92058947
1745366400,93740.92,1795.92,12538.32136507,267882.65660226
1745452800,94021.96,1770.41,9320.8086182,161354.7148951
1745539200,94708.79,1785.95,14148.6339475,191388.58108656
1745625600,94666.64,1821.6,2253.98942317,75293.67103679
1745712000,93780.57,1791.88,2304.93789541,68093.85600352
1745798400,95042.57,1800.26,7348.4883725,208134.44795148
1745884800,94271.09,1798.21,5979.94472886,144125.8069908
1745971200,94182.54,1793.79,6511.31778605,132367.23008547
1746057600,96524.98,1838.82,8334.02681063,139494.50395249
1746144000,96929.81,1842.98,5709.61012071,93279.26608996
1746230400,95861.33,1834.03,2077.55675998,45010.41020982
1746316800,94272.55,1809,2834.39686495,40428.72920351
1746403200,94733.99,1820.15,5181.01206583,85196.59584097
1746489600,96839.17,1817.06,6164.34738969,91421.48339979
1746576000,97058.32,1811.35,8328.69875473,138712.13157438
1746662400,103253.49,2207.09,15379.43544074,329557.78516842
1746748800,102986.96,2345.29,7318.60440182,367944.3292584
1746835200,104821.19,2583.8,3104.17143581,190174.27767839
1746921600,104137.62,2514.79,3055.22813204,143648.21932596
1747008000,102800.21,2495.83,11005.40673978,246104.50649036
1747094400,104131.06,2679.88,8727.89105836,209696.06797506
1747180800,103545.38,2610.31,7628.70177301,176653.34640214
1747267200,103786.43,2548.84,7563.00946962,162116.56760589
1747353600,103500.03,2538.02,6881.65708111,122465.4564135
1747440000,103161.07,2476.11,1848.95251021,78215.46124074
1747526400,106473.46,2498.24,4130.60889099,134969.08574025
1747612800,105616.18,2528.71,10104.32339011,216868.76047746
1747699200,106883.24,2525.05,8804.38724819,129646.38919276
1747785600,109699.54,2551.73,18333.91491262,218788.745073
1747872000,111722.53,2665.39,11250.38756124,196307.76694511
1747958400,107329.61,2527.02,9638.23489571,201851.50906055
1748044800,107794.01,2530.99,2611.3560546,40630.87226987
1748131200,109048.68,2552.32,2996.9984274,58254.46870874
1748217600,109464.32,2564.32,4641.38117417,56978.02353915
1748304000,108978.46,2662.04,8827.06917845,166072.34229434
1748390400,107819.29,2682.16,6474.20131287,115559.76273561
1748476800,105572.58,2631.68,9305.58410478,191128.81924232
1748563200,104033.26,2531.94,7866.16241154,129873.34038728
1748649600,104645.87,2529.31,2403.60824408,51370.13572435
1748736000,105697.94,2540.38,2369.92891564,53153.06712416
1748822400,105904.94,2609.29,5818.90812007,127353.9733552
1748908800,105447.82,2595.03,6486.4597778,175792.32687578
1748995200,104753.38,2609.07,4505.03599201,105615.84491827
1749081600,101570.2,2415.34,10627.57339852,205698.4186583
1749168000,104397.99,2478.24,9677.25748525,127162.33645658
1749254400,105619.02,2526.14,4141.10124271,35850.95849949
1749340800,105784.4,2510.78,1998.61011035,33630.83013396
1749427200,110301.15,2681.29,6581.24781856,117024.8957477
1749513600,110300.24,2816.5,5433.6716937,268557.67044312
1749600000,108669.37,2772.39,4603.3324446,179356.72494173
1749686400,105721.05,2643.8,5734.67136139,152072.49988479
1749772800,106118.7,2580.21,7441.52465913,283876.86464992
1749859200,105465.42,2531.97,2256.48702523,67625.03115586
1749945600,105599.25,2548.03,1722.80945227,48636.95574774
1750032000,106853.38,2545.27,5952.98369341,177468.3139788
1750118400,104590.44,2510.7,7688.94642443,163609.0001351
1750204800,104915.6,2525.54,4918.14382744,92285.01272137
1750291200,104671.9,2521.52,2279.05842007,51487.65047448
1750377600,103317.8,2407.2,5047.63626176,140932.28117073
1750464000,102160.03,2297.28,3287.51327489,107608.7542578
1750550400,100996.87,2228.46,7872.25874446,224937.83363588
1750636800,105419.39,2413,8910.86676597,219164.75168992
1750723200,106141,2449.87,5773.20907668,156696.78441766
1750809600,107400.22,2420.09,7072.65636297,123451.65827947
1750896000,107029.64,2417.4,4900.22231656,114621.88775791
1750982400,107113.38,2424.2,6310.43715745,96456.08851832
1751068800,107352.2,2437.08,1227.76803255,29496.9317339
1751155200,108386.44,2500.69,2154.86170312,47090.69337747
1751241600,107173.21,2486.15,4839.04838063,115164.67938137
1751328000,105711.78,2405.32,5152.72760186,78850.04742822
1751414400,108888.32,2571.13,7995.79258367,167801.93789726
1751500800,109628.83,2592.13,6434.57921608,115059.14879727
1751587200,108028.6,2508.8,3129.21859997,77877.16679488
1751673600,108246.65,2517.01,1513.15428554,22282.7328538
1751760000,109217.98,2570.84,1651.18120197,41033.07311666
1751846400,108269.84,2542.38,4455.08353019,79624.16907512
1751932800,108958.04,2616.52,3785.3907416,100288.23984643
1752019200,111282.85,2769.83,7683.83239574,186502.61069478
1752105600,116031.3,2951.22,12920.20742934,236543.69036785
1752192000,117582.16,2959.12,10116.886206,230285.8494589
1752278400,117472.65,2944.37,2397.72381256,63678.56454793
1752364800,119130.81,2973.38,3461.0430314,70227.25148441
1752451200,119863.71,3014.53,13536.79954839,192451.97265422
1752537600,117781.64,3138.01,23726.31356081,179476.73196827
1752624000,118681.68,3373.12,9250.98642597,292334.52407204
1752710400,119273.69,3479.77,8360.35130892,274593.74925785
1752796800,118023.05,3549.67,8735.40386401,337824.83515568
1752883200,117914.17,3594.3,1700.0997198,83316.75149516
1752969600,117312.7,3758.6,2504.59032125,146787.12978622
1753056000,117428.79,3763.75,5450.55450292,221705.85764009
1753142400,120026.42,3748.62,7564.58852928,225021.75942135
1753228800,118810.44,3630.34,5526.13819924,211546.24270422
1753315200,118397.04,3708.6,7137.01277011,224420.86882496
1753401600,117633.27,3725.84,24633.33644271,217042.92308788
1753488000,117969.63,3743.06,6974.42930567,72302.973587
1753574400,119465.52,3873.92,4999.42180703,77968.55076879
1753660800,118070.59,3799.46,7647.38438521,199027.60346952
1753747200,117933.39,3793.4,6070.86335715,138313.68335934
1753833600,117830.15,3810.44,4647.7410138,119425.78709017
1753920000,115761.13,3698.07,4647.6521388,101490.47064491
1754006400,113248.73,3486.39,9196.58441635,214413.30257873
1754092800,112542.74,3392.8,2946.5811158,125995.90627221
1754179200,114215.73,3497.31,2212.37278435,56152.10527646
1754265600,115051.85,3720.87,4655.53866243,128256.57360012
1754352000,114112.95,3611.57,4943.38930608,114099.28155356
1754438400,115028.83,3683.8,4481.39474697,123751.95784805
1754524800,117515.49,3911.28,5804.23960803,215879.45364256
1754611200,116683.79,4011,4870.3042426,283924.61832068
1754697600,116492.51,4262.46,2586.17129292,201072.28837789
1754784000,119309.37,4251.91,2850.61404026,135684.68640911
1754870400,118701.84,4224.48,7220.80819945,256938.33538629
1754956800,120113.18,4589.88,4615.45835079,344450.27634218
1755043200,123365.63,4751.46,8512.8860955,324934.36944854
1755129600,118389.79,4550.59,10154.04939662,344363.7591017
1755216000,117436.96,4442.56,4990.799358,241688.82570246
1755302400,117455.68,4425.13,1781.69438526,81370.11239552
1755388800,117488.6,4475.47,2021.61751952,104186.64462627
1755475200,116286.76,4315.37,6762.85366719,224168.99724414
1755561600,112856.19,4075.89,7918.58452813,266984.37093954
1755648000,114276,4336.41,5764.27605073,204393.53249278
1755734400,112480.3,4224.43,6033.74435365,135477.16502351
1755820800,116908.68,4831.24,8547.72089091,382321.64289869
1755907200,115383.87,4776.73,2245.41925268,97399.85594592
1755993600,113478,4779.87,4602.76322486,158333.15493157
1756080000,110127.74,4377.02,8509.20658676,257426.71057578
1756166400,111788.01,4601.64,7735.56524843,241823.89422103
1756252800,111253.21,4506.95,5151.42127925,182804.11996722
1756339200,112574.85,4511.3,4637.29182209,139168.54135212
1756425600,108378.32,4360.2,7806.0938333,187412.576106
1756512000,108827.93,4374.58,2828.67461609,66655.29676488
1756598400,108247.95,4391.91,2702.50957636,83463.56830359
1756684800,109240.55,4314.76,5396.96365977,119463.39453363
1756771200,111247.94,4326.57,7398.40595759,144877.84602714
1756857600,111756.41,4452.4,5205.45031255,143077.06609651
1756944000,110720.79,4298.37,5253.71408228,177760.02779911
1757030400,110670.02,4307.65,7218.59124481,209546.87120895
1757116800,110212.6,4274.15,1621.65017738,41875.25454685
1757203200,111129.61,4305.56,1646.11764246,37354.50429946
1757289600,112072.57,4305.84,5158.43294831,135970.0065259
1757376000,111549.32,4309.93,5158.45733241,110554.67476563
1757462400,113983.97,4350,7249.99346721,133832.27705062
1757548800,115540,4460.51,5575.3607407,128739.9909512
1757635200,116106.03,4714.66,6493.57632751,195085.25198337
1757721600,115968.35,4669,2173.49651785,74925.80480158
1757808000,115314.13,4605.93,1967.88683794,46791.47622757
1757894400,115381.08,4524.56,6142.67859527,117720.34314937
1757980800,116832.56,4502.7,6012.58313417,119821.33855279
1758067200,116484.4,4592.17,7151.30033814,164384.79307111
1758153600,117117.99,4589.4,7140.41942024,125688.22234093
1758240000,115690.55,4471,5874.11552075,97288.06053699
1758326400,115752.4,4482.69,2830.8502542,39081.2744386
1758412800,115282.27,4447.03,2071.01892785,37295.56770455
1758499200,112736.59,4202.42,8494.39097785,211133.84496602
1758585600,112017.21,4165.19,4512.04618772,100228.30178808
1758672000,113348.17,4153.9,4932.88303511,83346.81253793
1758758400,109035.72,3875.7,9197.26639402,282687.98643677
1758844800,109697.29,4034.27,6826.16968974,155666.90690747
1758931200,109681.16,4020.35,1950.48703402,41729.01532417
1759017600,112197.67,4143.25,2397.09714427,61349.14384314
1759104000,114365.07,4217.25,5553.41779958,111587.56348085
1759190400,114067.71,4145.99,5044.09158186,112394.45769006
1759276800,118659.97,4350.52,9687.1228881,151382.25097815
1759363200,120621.32,4487.49,8816.90252269,153389.71044144
1759449600,122318.4,4515.89,11835.08733617,194121.46395236
1759536000,122458.56,4490.01,2705.28818527,51384.17568724
1759622400,123520.79,4515.4,5820.77013157,85645.8875434
1759708800,124720.09,4686.32,9135.3086452,180142.07592977
1759795200,121393.95,4449.8,8699.84065383,198779.53212198
1759881600,123343.25,4527.3,6727.94848453,133876.75247388
1759968000,121714.51,4370.9,6980.15210285,141076.62781726
1760054400,112980.28,3836.15,22432.34375511,386709.49939687
1760140800,110768.89,3750.6,10041.88198008,155467.48573337
1760227200,115067.98,4156.21,9699.03564495,151733.45389149
1760313600,115274.03,4244.69,8147.76104518,153339.31784774
1760400000,113068,4126.39,11955.35437582,243536.31872992
1760486400,110804.12,3987.53,7440.03782479,157726.70619812
1760572800,108198,3894.91,14792.78754529,161382.6010111
1760659200,106463.3,3832.99,13824.34463474,202879.86788105
1760745600,107208.91,3890.4,3552.60959467,45567.63757722
1760832000,108676.78,3983.89,4841.63812975,89989.11920544
1760918400,110568.06,3980.42,6286.43529012,100967.70620232
1761004800,108362.27,3874.57,12890.45189253,167898.09575775
1761091200,107585.98,3806.12,9311.33986567,144557.44893026
1761177600,110116.03,3858.41,6881.35851313,112678.89994476
1761264000,111042.13,3936.1,5915.09477083,122248.90258364
1761350400,111666.21,3954.52,1478.94798996,25280.14115745
1761436800,114548.09,4158.81,3808.17193597,65472.37802493
1761523200,114087.06,4120.1,5491.52581938,131419.43492108
1761609600,112906.75,3980.25,5342.86134585,112997.59147629
1761696000,110032.13,3904.2,6110.48087693,118300.54341506
1761782400,108308.18,3804.02,8481.34743643,139553.89852977
1761868800,109555.27,3845.79,6858.47522213,123546.29718716
1761955200,110052.25,3872.16,1707.44713625,26667.45704268
1762041600,110536.01,3905.97,3777.57822519,31963.95389787
1762128000,106557.98,3602.88,8657.30683772,167062.25570553
1762214400,101468.15,3286.21,17052.82209797,314015.40004056
1762300800,103869,3423.89,10844.84576039,205596.700027
1762387200,101290.5,3313.46,9488.56911128,188062.26831086
1762473600,103284.27,3433.71,9981.70774039,175288.79692612
1762560000,102285.57,3400.46,4365.22006206,75557.97738948
1762646400,104694.95,3582.92,5545.42134633,97906.75276072
1762732800,105979.38,3566.49,7737.06153627,124625.79870813
1762819200,103009.35,3416.54,6574.79380402,122912.10083045
1762905600,101639.01,3414.06,6053.08600012,130120.8908459
1762992000,99614.54,3229.65,12710.66743459,207375.27877133
1763078400,94503.96,3109.49,19645.40043753,193349.98553734
1763164800,95544.94,3166.3,5157.02031554,60465.46978573
1763251200,94183.97,3092.25,7161.13750207,113366.47629324
1763337600,92100.6,3027.89,13319.956338,195102.07233124
1763424000,92914.46,3121.74,16182.4672286,200616.77009048
1763510400,91461.6,3023.1,15642.23320328,245497.12319725
1763596800,86536.88,2830.59,18857.80134874,215908.80878084
1763683200,85068.88,2763.99,31211.5604643,289458.97165947
1763769600,84684,2768.5,7330.52185107,93138.03438977
1763856000,86808.28,2801.14,9786.06365257,103122.45973534
1763942400,88266.2,2952.59,14868.61469913,183914.24759294
1764028800,87325.01,2958.17,10484.73675809,129153.15107452
1764115200,90468.84,3026.43,11351.8707199,105309.10876742
1764201600,91316.7,3014.86,8201.73046924,73449.92905273
1764288000,90902.7,3031.86,9580.37061817,128095.41347223
1764374400,90828.06,2990.31,3143.58444031,59997.88078648
1764460800,90369.51,2991.9,3513.48557284,42972.80053891
1764547200,86282.36,2798.3,16664.36191777,173487.80302209
1764633600,91308.05,2996.7,13162.85699748,128062.03226086
1764720000,93453.84,3189.79,9741.98216681,166820.22275226
1764806400,92093.54,3134.13,6198.20707297,146083.73369148
1764892800,89345.29,3022.61,8310.94183595,139256.13602594
1764979200,89267.97,3039.13,3017.16860213,36886.93732815
1765065600,90402.29,3061,4070.57697141,73740.78542865
1765152000,90653.86,3124.93,6661.98775031,118930.55246979
1765238400,92690,3318.54,9862.67083813,135391.03238959
1765324800,92035.99,3325.02,8904.69319331,124648.6028813
1765411200,92542,3237.4,9119.99377433,144773.67579285
1765497600,90278,3084.91,6137.8902612,120880.53475436
1765584000,90255.32,3115,1542.14542217,33885.15056189
1765670400,88171.61,3063.3,3643.36533229,52828.2429336
1765756800,86417.5,2964.4,9868.30482589,188580.10039244
1765843200,87854.01,2961.96,7734.132664,108885.75640921
1765929600,86209.77,2832.25,10021.43107061,153896.3781066
1766016000,85460.02,2826.57,9840.74407994,150314.12370061
1766102400,88092.65,2978.03,8046.9179144,120797.81921161
1766188800,88324,2976.6,1807.74517583,22537.36877657
1766275200,88639.95,3001.42,2361.91088803,38659.49857414
1766361600,88556.77,3007.69,8901.70507789,97545.57724577
1766448000,87429.32,2962.85,7050.61151888,87383.52700078
1766534400,87609.03,2945.07,5007.9834145,73342.07583396
1766620800,87171.68,2902.34,2819.32696132,31419.70884907
1766707200,87296.01,2925.43,8673.64195064,65611.25452567
1766793600,87808,2946.6,1955.01185796,17100.49298785
1766880000,87877.29,2948.92,1859.62245916,20908.58592207
1766966400,87110.78,2934.19,10415.66618294,88554.14320991
1767052800,88397.5,2970.42,8725.01685173,113086.56309377
1767139200,87497.94,2966.84,7261.18123917,84906.66933587
1767225600,88738.34,3000.41,4001.39765552,31274.2034847
1767312000,89957.99,3125.24,11442.48043957,156570.8612605
1767398400,90598.02,3125.43,2951.65444679,39093.70486454
1767484800,91494,3143.14,3198.89444605,45533.73655067
1767571200,93870.06,3225.19,12349.57555407,116202.42497422
1767657600,93722.01,3295.59,9651.48547871,120521.49963554
1767744000,91279.73,3165.64,9317.16996001,120187.64882991
1767830400,91026,3104.3,10333.23549339,123784.90554436
1767916800,90515.45,3084.31,9272.64438525,105429.69239068
1768003200,90385.54,3082.39,1733.85727298,21670.68894315
1768089600,90872.01,3118.65,2262.85242889,38157.04305369
1768176000,91188.09,3091.94,9683.74429824,88338.00436696
1768262400,95384.23,3323.38,17153.5601987,130752.63257942
1768348800,96955.16,3354.82,20696.88952587,168871.62431704
1768435200,95587.65,3317.98,10619.32790923,137640.67755377
1768521600,95504,3294.88,6286.36029783,87030.08309374
1768608000,95109.99,3309.33,1754.07093263,20339.38672031
1768694400,93633.53,3282.55,2607.76939988,34435.3169577
1768780800,92559.66,3187.51,4993.56556058,83088.29353263
1768867200,88310.6,2936.5,11134.88996796,128671.13095088
1768953600,89363.71,2979.6,12539.4399225,168165.2321748
1769040000,89463.5,2949.36,7075.16869109,118196.4248216
1769126400,89474.93,2952.77,7381.22299218,103986.36773647
1769212800,89082.17,2948.86,1801.82109589,29942.09293195
1769299200,86561.94,2814.28,5428.58128865,100921.28333024
1769385600,88250.01,2926.85,8219.90069049,135029.2158281
1769472000,89116.96,3021.91,6475.09716863,114381.14515769
1769558400,89162.4,3006.17,6636.13609913,108171.16245197
1769644800,84513.2,2817.79,14860.94029344,177140.15522134
1769731200,84110.99,2702.69,15232.81199203,206345.03143941
1769817600,78648,2449.36,14855.0734429,236036.47844218
1769904000,76895.53,2268.18,11545.9871474,168839.93353968
1769990400,78666.85,2345.11,21193.37373311,296747.25726593
1770076800,75661.49,2230.48,16467.12531015,330270.90869692
1770163200,72998,2143.57,19764.62442772,320920.4352572
1770249600,62791,1823.2,49371.20579141,464003.04620229
1770336000,70527.7,2061.95,43810.88328386,451365.13255963
1770422400,69244.74,2086.17,11251.84383408,192545.45852236
1770508800,70279.33,2088.42,8090.44858999,121252.98101963
1770595200,70101.99,2103.83,15546.49393947,228127.87563129
1770681600,68803.65,2021.71,11566.41314985,213966.420435
1770768000,67024.93,1939.45,15121.43118138,227202.64243775
1770854400,66208,1946.11,13823.46090185,172231.12506456
1770940800,68812,2047.48,12104.28673482,216798.30582469
1771027200,69786.96,2085.4,5586.9814678,70592.89786878
1771113600,68792,1965.36,5965.51322769,123812.19170979
1771200000,68858.13,1997.28,6626.85996745,97967.28653274
1771286400,67466.7,1990.83,9122.62622708,164705.51966895
1771372800,66419.79,1955.01,9687.16921753,176455.34215612
1771459200,66972.5,1948.16,8505.29632895,134714.77993462
1771545600,67984.42,1968.13,11349.70677085,151107.68969076
1771632000,67955.78,1973,3287.0646747,47046.21307684
1771718400,67617.98,1956.84,3263.5334723,54638.7090849
1771804800,64625.78,1855.52,15198.01176266,220044.05459508
1771891200,64068.33,1851.94,12517.40763597,198610.32724686
1771977600,67992.68,2057.71,17322.54859823,303193.14292721
1772064000,67490.51,2027.9,10678.27331982,205616.57814145
1772150400,65859.94,1929.61,10276.79604611,237872.58254425
1772236800,66967.85,1964.71,9093.24916408,129828.80621692
1772323200,65769,1939.68,8511.88788603,142846.49675678
1772409600,68832.01,2027.49,17772.46881037,278981.4823567
1772496000,68335.99,1982.87,12823.7275946,227239.66987917
1772582400,72683.26,2127.61,21142.77079177,297238.17060263
1772668800,70887.6,2072.99,10891.71826063,207407.42726199
1772755200,68108.24,1978.49,11045.21439575,240275.16118635
1772841600,67259.62,1969.61,3245.05107908,54989.61283322
1772928000,65970.56,1936.93,5505.17926548,143369.8237907
1773014400,68432.17,1993.19,13303.95615379,214052.9464571
1773100800,69960.83,2036.8,13322.43399947,175603.57671898
1773187200,70208,2052.25,9851.72870494,166606.19178915
1773273600,70531.56,2074,9708.42046678,154623.30875251
1773360000,70944.33,2092.81,12304.21633821,224337.3952471
1773446400,71232.02,2096.7,3174.08339322,50376.20374437
1773532800,72830.01,2178.67,5785.61944649,93011.4795932
1773619200,74886.47,2352.94,12657.43153702,234997.84483404
1773705600,73934.11,2318.03,11357.85437394,171657.03184328
1773792000,71245.02,2203.47,9248.1145105,186288.76368283
1773878400,69918.3,2137.98,7794.02546506,159107.97208938
1773964800,70497.01,2145.89,7315.89355875,145036.3382477
1774051200,68912.02,2084.64,2856.70812643,33550.16550032
1774137600,67844.94,2053.49,4889.89870785,77364.65405327
1774224000,70874.23,2151.71,10354.71705596,226656.73790984
1774310400,70533.49,2155.56,7238.74499869,148291.72276348
1774396800,71301.53,2167.98,7665.36824144,157354.28623851
1774483200,68769.02,2058.74,8225.19395173,179277.52424234
1774569600,66353.34,1991.55,13681.42559929,177137.48590475
1774656000,66320.15,1992.98,4011.39625322,42899.07582906
1774742400,65956.94,1982.96,4588.31530898,51364.90577402
1774828800,66737.18,2024.6,10707.53083699,195033.34811355
1774915200,68221.85,2103.61,11831.5835043,211440.25417756
1775001600,68112.35,2140.21,9804.6544448,161889.43792733
1775088000,66894.48,2056.78,8813.97029196,191424.47680924
1775174400,66959.99,2053.52,4181.03967015,60282.11864097
1775260800,67291.73,2065.17,2412.86305009,31874.8135356
1775347200,69005,2109.24,3810.37749315,53337.08165745
1775433600,68853.61,2107.39,11182.35365631,186313.39079438
1775520000,71910.2,2239.68,11156.72732306,244873.49846712
1775606400,71085.99,2190.24,11083.24086941,201960.23545395
1775692800,71798.01,2190.15,10707.78813462,174946.76352158
1775779200,72997.88,2246.29,10066.64303661,196113.92072075
1775865600,73086,2285.79,2795.93594516,71679.81618423
1775952000,70755.35,2191.8,4443.04188961,93167.72448552
1776038400,74446,2370.28,17452.66428951,223975.11564396
1776124800,74179.04,2323.58,21086.20700901,193244.88521555
1776211200,74836.31,2360.6,7732.11670824,134337.22308427
1776297600,75163.09,2348.61,8138.95301491,156324.04548823
1776384000,77098.01,2419.81,15414.90050977,198401.65083921
1776470400,75736.82,2351.36,4245.3427458,58770.85463949
1776556800,73823.14,2263.89,5477.34091341,79914.81620933
1776643200,75864.86,2314.79,8979.33512634,157083.64716001
1776729600,76348.58,2328,7556.91793671,145106.09601838
1776816000,78208.52,2375.21,11757.91950096,201099.52507044
1776902400,78281.32,2331.08,9366.75503457,172210.87607232
1776988800,77461.8,2315.81,7766.77212029,148711.0057447
1777075200,77650.72,2319.97,2871.67459101,30539.35592844
1777161600,78673.83,2370.47,3942.05709744,76635.40841673
1777248000,77364.42,2303.44,9288.76247228,166257.737196
1777334400,76317.99,2289.29,6625.83124653,100075.8607295
1777420800,75752.88,2251.85,9665.58304734,211218.07631847
1777507200,76305.78,2256.8,6282.45727649,113600.48732022
1777593600,78234.05,2295.54,8786.48048854,136833.75963697
1777680000,78682.31,2316.89,2444.21427844,25959.04817209
1777766400,78558.89,2322.5,2766.87588315,39258.04201479
1777852800,79852.37,2346.95,11539.41548269,201514.06265736
1777939200,80907.72,2360.5,9129.50056534,105257.66965682
1778025600,81438.1,2350.66,8276.53099017,155816.20226202
1778112000,80005.38,2290.81,7038.15097074,112568.32393233
1778198400,80188.82,2307.24,3086.74170459,36253.77775924
1778284800,80655.96,2326.16,2056.58900174,28649.36569572
1778371200,82199.99,2371.12,3971.08807704,62055.44366944
1778457600,81727.06,2339.39,7031.61760564,93430.60738316
1778544000,80484.72,2274.43,5247.36830885,111664.09992572
1778630400,79288.26,2257.85,7960.11188101,92947.96701131
1778716800,81079.39,2283.08,13222.23476392,130000.90141912
1778803200,79058.51,2223,6789.73368724,134836.29108122
1778889600,78105.45,2179.96,3053.43839711,46679.61569179
1778976000,77407.59,2129.74,2500.63873433,44593.6607403
1779062400,76943.98,2128.57,8825.37701993,164422.28980877
1779148800,76767.48,2110.06,4874.41365584,87637.18979544
1779235200,77475.99,2127.49,6016.20525065,80875.41732147
1779321600,77547.62,2131.96,6038.75037562,120736.37287797
1779408000,75443.91,2063.39,5132.27865239,94975.89132846
1779494400,76650,2115.04,5619.0521439,92074.10968906
1779580800,76975.99,2097.35,3695.06880542,54263.65695297
1779667200,77249.07,2110.91,3335.38172719,61283.2490891
1779753600,75826.1,2070.88,8614.2448817,152229.07735511
1779840000,74315.98,2021.64,6385.20290985,110952.52779291
1779926400,73512.56,2006.61,8579.08613888,158565.4794059
1780012800,73366.77,2011.65,9057.16460696,154169.91151552
1780099200,73770.69,2019.58,4015.02525805,38268.00736613
1780185600,73575.17,2004,3318.87878933,51986.49360124
1780272000,71314.42,2004,10835.86426218,143475.0246555
1780358400,66658.35,1857.32,15741.32305621,228372.53137535
1780444800,64040,1810.66,15790.02945596,257717.58935891
1780531200,63806.02,1768.53,25533.586511,300066.45335875
1780617600,61032,1582.85,28732.71500543,487135.90405701
1780704000,60850.48,1568.87,9073.41539934,155069.0668797
1780790400,63302.73,1689.75,9793.1727327,138897.69034752
1780876800,63062.98,1689.89,11755.65646469,237778.56552869
1780963200,61685.8,1638.45,11218.32861079,188435.91379266
1781049600,61449.46,1620.03,9040.95804487,171498.50345678
1781136000,63563.42,1671.94,9449.25103044,153835.9553949
1781222400,63538.43,1665.52,8179.86676422,104730.69571056
1781308800,64429.99,1680.3,4146.44545759,48967.87286664
1781395200,65706.62,1724.73,4719.21113394,74935.04569191
1781481600,66276.8,1795.01,8071.56079236,155590.45111945
1781568000,65616.64,1791.24,6347.81359553,119036.05169935
1781654400,64446.04,1749,7644.1962471,116224.29075813
1781740800,62879.01,1709.01,7475.48695466,123048.41607822
1781827200,63475.2,1709.42,3592.2486366,60117.40532152
1781913600,64222.99,1738.46,3866.36413615,45619.28664727
1782000000,63235.63,1704.8,3741.2101443,46556.48361857
1782086400,63950.61,1726.15,7944.1273781,119549.5611865
1782172800,62644.86,1665.04,6931.61213742,101355.91937495
1782259200,60983.13,1619.72,15635.11089006,163107.19756151
1782345600,59703.65,1565.19,15027.87126075,180478.067505
1782432000,60002.53,1576.27,14344.89687871,159251.5558169
1782518400,59934.84,1571.6,4263.41546366,44653.45847059
1782604800,59474.01,1569.41,4245.96241874,39136.40992702
1782691200,60162.73,1610.62,10607.13260857,141716.40419777
1782777600,58523.93,1569.45,9465.93232684,102263.75051461
1782864000,59961.45,1607.64,10684.76298705,146745.33179112
1782950400,61484.02,1698.63,9926.92193918,148608.91614114
1783036800,62520.22,1756.14,5258.18045215,70703.71252693
1783123200,63086.45,1779.34,3145.81597083,49946.53713918
1783209600,63580.44,1784.2,3932.92874482,40849.20348219
1783296000,64001.84,1798.45,9896.48050701,125709.95162441
1783382400,63323.27,1770.09,8692.3130837,100841.93544012
1783468800,62237.7,1741.8,7237.78820087,99162.10019618
1783555200,63175.25,1743.82,6006.35289135,76004.55079192
1783641600,64128.49,1795.74,7404.52499746,95798.3569098
1783728000,63773.04,1786.81,2617.29724763,51872.15076301
1783814400,63740.32,1805.51,2633.31782959,39647.67901761
1783900800,62264.94,1774.57,9591.1892568,106281.79272453
1783987200,64988.64,1890.63,7504.53812142,138211.47661573
1784073600,64716.63,1916.76,5757.28000036,104370.66103244
1784160000,63770.6,1863.17,5101.5478066,93251.3109594
1784246400,63894,1840.94,7455.05858276,91675.01190502
1784332800,64796.36,1861.54,3120.98182893,36359.787703
1784419200,64681.78,1870.89,2337.25546535,47975.58611931
1784505600,65213.05,1903.52,8359.60489964,120073.02683301
1784592000,66516.18,1929,7284.09774035,106885.51485654
1784678400,66086.61,1933.54,5859.41989993,105832.1299862
1784764800,65106.36,1880.1,6927.16734507,98483.36790501
