fundingTime,fundingRate,source_file
1746028800000,0.0000640454833508,BTC-USDT-SWAP-fundingrates-2025-05.zip
1746057600000,0.0000078225554933,BTC-USDT-SWAP-fundingrates-2025-05.zip
1746086400000,0.0000107070720484,BTC-USDT-SWAP-fundingrates-2025-05.zip
1746115200000,-0.0000431672761141,BTC-USDT-SWAP-fundingrates-2025-05.zip
1746144000000,0.000049134354431,BTC-USDT-SWAP-fundingrates-2025-05.zip
1746172800000,0.0000397700292374,BTC-USDT-SWAP-fundingrates-2025-05.zip
1746201600000,-0.0000383599574601,BTC-USDT-SWAP-fundingrates-2025-05.zip
1746230400000,-0.000002106174506,BTC-USDT-SWAP-fundingrates-2025-05.zip
1746259200000,-0.0000130941855034,BTC-USDT-SWAP-fundingrates-2025-05.zip
1746288000000,0.0000136727352674,BTC-USDT-SWAP-fundingrates-2025-05.zip
1746316800000,0.0000695142110183,BTC-USDT-SWAP-fundingrates-2025-05.zip
1746345600000,0.0000489665159632,BTC-USDT-SWAP-fundingrates-2025-05.zip
1746374400000,0.0000102761141087,BTC-USDT-SWAP-fundingrates-2025-05.zip
1746403200000,3.309450461E-7,BTC-USDT-SWAP-fundingrates-2025-05.zip
1746432000000,0.000025726219074,BTC-USDT-SWAP-fundingrates-2025-05.zip
1746460800000,0.000060120168603,BTC-USDT-SWAP-fundingrates-2025-05.zip
1746489600000,-0.000008928223341,BTC-USDT-SWAP-fundingrates-2025-05.zip
1746518400000,-0.0000085322242336,BTC-USDT-SWAP-fundingrates-2025-05.zip
1746547200000,-0.0000110378224854,BTC-USDT-SWAP-fundingrates-2025-05.zip
1746576000000,-0.0000067795375884,BTC-USDT-SWAP-fundingrates-2025-05.zip
1746604800000,0.000079004691097,BTC-USDT-SWAP-fundingrates-2025-05.zip
1746633600000,-0.0000248419128318,BTC-USDT-SWAP-fundingrates-2025-05.zip
1746662400000,-0.0000108160976437,BTC-USDT-SWAP-fundingrates-2025-05.zip
1746691200000,0.0001,BTC-USDT-SWAP-fundingrates-2025-05.zip
1746720000000,0.0000508058442283,BTC-USDT-SWAP-fundingrates-2025-05.zip
1746748800000,0.0001,BTC-USDT-SWAP-fundingrates-2025-05.zip
1746777600000,0.0001,BTC-USDT-SWAP-fundingrates-2025-05.zip
1746806400000,0.0000016868711285,BTC-USDT-SWAP-fundingrates-2025-05.zip
1746835200000,0.0000588123609511,BTC-USDT-SWAP-fundingrates-2025-05.zip
1746864000000,0.000099755120855,BTC-USDT-SWAP-fundingrates-2025-05.zip
1746892800000,0.0001,BTC-USDT-SWAP-fundingrates-2025-05.zip
1746921600000,0.0001,BTC-USDT-SWAP-fundingrates-2025-05.zip
1746950400000,0.0000363546282896,BTC-USDT-SWAP-fundingrates-2025-05.zip
1746979200000,0.000095093425192,BTC-USDT-SWAP-fundingrates-2025-05.zip
1747008000000,0.0000348169154459,BTC-USDT-SWAP-fundingrates-2025-05.zip
1747036800000,0.0001,BTC-USDT-SWAP-fundingrates-2025-05.zip
1747065600000,0.0000807735089841,BTC-USDT-SWAP-fundingrates-2025-05.zip
1747094400000,0.0000785974223231,BTC-USDT-SWAP-fundingrates-2025-05.zip
1747123200000,0.000069154759866,BTC-USDT-SWAP-fundingrates-2025-05.zip
1747152000000,0.0001,BTC-USDT-SWAP-fundingrates-2025-05.zip
1747180800000,0.0001,BTC-USDT-SWAP-fundingrates-2025-05.zip
1747209600000,0.0000589500417609,BTC-USDT-SWAP-fundingrates-2025-05.zip
1747238400000,0.0000564287212759,BTC-USDT-SWAP-fundingrates-2025-05.zip
1747267200000,0.0000115991581556,BTC-USDT-SWAP-fundingrates-2025-05.zip
1747296000000,0.0000813454541166,BTC-USDT-SWAP-fundingrates-2025-05.zip
1747324800000,0.0000474631606875,BTC-USDT-SWAP-fundingrates-2025-05.zip
1747353600000,0.0000877621647427,BTC-USDT-SWAP-fundingrates-2025-05.zip
1747382400000,0.0001,BTC-USDT-SWAP-fundingrates-2025-05.zip
1747411200000,0.000022588895669,BTC-USDT-SWAP-fundingrates-2025-05.zip
1747440000000,-0.0000166507782495,BTC-USDT-SWAP-fundingrates-2025-05.zip
1747468800000,0.0000586917219088,BTC-USDT-SWAP-fundingrates-2025-05.zip
1747497600000,0.0000616947516587,BTC-USDT-SWAP-fundingrates-2025-05.zip
1747526400000,0.0001,BTC-USDT-SWAP-fundingrates-2025-05.zip
1747555200000,0.0001,BTC-USDT-SWAP-fundingrates-2025-05.zip
1747584000000,0.0001,BTC-USDT-SWAP-fundingrates-2025-05.zip
1747612800000,0.0001,BTC-USDT-SWAP-fundingrates-2025-05.zip
1747641600000,0.0000587277255139,BTC-USDT-SWAP-fundingrates-2025-05.zip
1747670400000,-0.000006115978831,BTC-USDT-SWAP-fundingrates-2025-05.zip
1747699200000,0.0001,BTC-USDT-SWAP-fundingrates-2025-05.zip
1747728000000,0.0001,BTC-USDT-SWAP-fundingrates-2025-05.zip
1747756800000,0.0000721398014337,BTC-USDT-SWAP-fundingrates-2025-05.zip
1747785600000,0.0000731866294177,BTC-USDT-SWAP-fundingrates-2025-05.zip
1747814400000,0.0001,BTC-USDT-SWAP-fundingrates-2025-05.zip
1747843200000,0.0000441730152301,BTC-USDT-SWAP-fundingrates-2025-05.zip
1747872000000,0.0001,BTC-USDT-SWAP-fundingrates-2025-05.zip
1747900800000,0.0001,BTC-USDT-SWAP-fundingrates-2025-05.zip
1747929600000,0.0001,BTC-USDT-SWAP-fundingrates-2025-05.zip
1747958400000,0.0000500864049387,BTC-USDT-SWAP-fundingrates-2025-05.zip
1747987200000,0.0001,BTC-USDT-SWAP-fundingrates-2025-05.zip
1748016000000,0.0000639925758241,BTC-USDT-SWAP-fundingrates-2025-05.zip
1748044800000,0.0000700781411061,BTC-USDT-SWAP-fundingrates-2025-05.zip
1748073600000,0.0000978884787909,BTC-USDT-SWAP-fundingrates-2025-05.zip
1748102400000,0.0001,BTC-USDT-SWAP-fundingrates-2025-05.zip
1748131200000,0.0001,BTC-USDT-SWAP-fundingrates-2025-05.zip
1748160000000,0.0000635397311851,BTC-USDT-SWAP-fundingrates-2025-05.zip
1748188800000,0.0000722316980628,BTC-USDT-SWAP-fundingrates-2025-05.zip
1748217600000,0.0001,BTC-USDT-SWAP-fundingrates-2025-05.zip
1748246400000,0.0001,BTC-USDT-SWAP-fundingrates-2025-05.zip
1748275200000,0.0001,BTC-USDT-SWAP-fundingrates-2025-05.zip
1748304000000,0.0001,BTC-USDT-SWAP-fundingrates-2025-05.zip
1748332800000,0.0000514767620918,BTC-USDT-SWAP-fundingrates-2025-05.zip
1748361600000,0.0000373499194977,BTC-USDT-SWAP-fundingrates-2025-05.zip
1748390400000,0.0001,BTC-USDT-SWAP-fundingrates-2025-05.zip
1748419200000,0.0001,BTC-USDT-SWAP-fundingrates-2025-05.zip
1748448000000,0.0001,BTC-USDT-SWAP-fundingrates-2025-05.zip
1748476800000,0.0000361990333,BTC-USDT-SWAP-fundingrates-2025-05.zip
1748505600000,0.0000133486796113,BTC-USDT-SWAP-fundingrates-2025-05.zip
1748534400000,0.0001,BTC-USDT-SWAP-fundingrates-2025-05.zip
1748563200000,0.0001,BTC-USDT-SWAP-fundingrates-2025-05.zip
1748592000000,0.0000356484547518,BTC-USDT-SWAP-fundingrates-2025-05.zip
1748620800000,0.0000608478006794,BTC-USDT-SWAP-fundingrates-2025-05.zip
1748649600000,0.0000849614457543,BTC-USDT-SWAP-fundingrates-2025-05.zip
1748678400000,0.0001,BTC-USDT-SWAP-fundingrates-2025-05.zip
1748707200000,0.0000603215021756,BTC-USDT-SWAP-fundingrates-2025-06.zip
1748736000000,0.0000383329486021,BTC-USDT-SWAP-fundingrates-2025-06.zip
1748764800000,0.0000314635420249,BTC-USDT-SWAP-fundingrates-2025-06.zip
1748793600000,0.0000056968413994,BTC-USDT-SWAP-fundingrates-2025-06.zip
1748822400000,-0.0000113356638395,BTC-USDT-SWAP-fundingrates-2025-06.zip
1748851200000,0.0000696990848657,BTC-USDT-SWAP-fundingrates-2025-06.zip
1748880000000,0.0000660439349352,BTC-USDT-SWAP-fundingrates-2025-06.zip
1748908800000,0.0000431046204204,BTC-USDT-SWAP-fundingrates-2025-06.zip
1748937600000,0.0001,BTC-USDT-SWAP-fundingrates-2025-06.zip
1748966400000,0.0000249047869903,BTC-USDT-SWAP-fundingrates-2025-06.zip
1748995200000,5.084481378E-7,BTC-USDT-SWAP-fundingrates-2025-06.zip
1749024000000,0.0001,BTC-USDT-SWAP-fundingrates-2025-06.zip
1749052800000,0.0000458317031727,BTC-USDT-SWAP-fundingrates-2025-06.zip
1749081600000,0.0000432147196276,BTC-USDT-SWAP-fundingrates-2025-06.zip
1749110400000,0.0000940740820075,BTC-USDT-SWAP-fundingrates-2025-06.zip
1749139200000,0.0000434286755337,BTC-USDT-SWAP-fundingrates-2025-06.zip
1749168000000,0.0000154504296009,BTC-USDT-SWAP-fundingrates-2025-06.zip
1749196800000,-0.0000792839459623,BTC-USDT-SWAP-fundingrates-2025-06.zip
1749225600000,-0.0000182867741832,BTC-USDT-SWAP-fundingrates-2025-06.zip
1749254400000,0.0000171689757947,BTC-USDT-SWAP-fundingrates-2025-06.zip
1749283200000,-0.0000272392117232,BTC-USDT-SWAP-fundingrates-2025-06.zip
1749312000000,-0.0000551596543439,BTC-USDT-SWAP-fundingrates-2025-06.zip
1749340800000,-0.0000057900118386,BTC-USDT-SWAP-fundingrates-2025-06.zip
1749369600000,0.0000249304804827,BTC-USDT-SWAP-fundingrates-2025-06.zip
1749398400000,0.0000063294660537,BTC-USDT-SWAP-fundingrates-2025-06.zip
1749427200000,0.0000360755982289,BTC-USDT-SWAP-fundingrates-2025-06.zip
1749456000000,0.0000107684903325,BTC-USDT-SWAP-fundingrates-2025-06.zip
1749484800000,-0.000013836820365,BTC-USDT-SWAP-fundingrates-2025-06.zip
1749513600000,0.0000522551268937,BTC-USDT-SWAP-fundingrates-2025-06.zip
1749542400000,0.0000674869404338,BTC-USDT-SWAP-fundingrates-2025-06.zip
1749571200000,0.0000764005616316,BTC-USDT-SWAP-fundingrates-2025-06.zip
1749600000000,0.0000316481363033,BTC-USDT-SWAP-fundingrates-2025-06.zip
1749628800000,0.0001,BTC-USDT-SWAP-fundingrates-2025-06.zip
1749657600000,0.0000013031440131,BTC-USDT-SWAP-fundingrates-2025-06.zip
1749686400000,0.0000649280919954,BTC-USDT-SWAP-fundingrates-2025-06.zip
1749715200000,0.0000770655625389,BTC-USDT-SWAP-fundingrates-2025-06.zip
1749744000000,0.0000165688558309,BTC-USDT-SWAP-fundingrates-2025-06.zip
1749772800000,0.00002692735242,BTC-USDT-SWAP-fundingrates-2025-06.zip
1749801600000,0.0000099143396706,BTC-USDT-SWAP-fundingrates-2025-06.zip
1749830400000,0.0000046765059513,BTC-USDT-SWAP-fundingrates-2025-06.zip
1749859200000,0.0000717999214758,BTC-USDT-SWAP-fundingrates-2025-06.zip
1749888000000,0.0000651127052586,BTC-USDT-SWAP-fundingrates-2025-06.zip
1749916800000,-0.0000174272732067,BTC-USDT-SWAP-fundingrates-2025-06.zip
1749945600000,0.0000048124839828,BTC-USDT-SWAP-fundingrates-2025-06.zip
1749974400000,0.0000254195837191,BTC-USDT-SWAP-fundingrates-2025-06.zip
1750003200000,0.0000403786442118,BTC-USDT-SWAP-fundingrates-2025-06.zip
1750032000000,0.0000377018110776,BTC-USDT-SWAP-fundingrates-2025-06.zip
1750060800000,0.0000177312255899,BTC-USDT-SWAP-fundingrates-2025-06.zip
1750089600000,0.0000261349083371,BTC-USDT-SWAP-fundingrates-2025-06.zip
1750118400000,0.0000232591443088,BTC-USDT-SWAP-fundingrates-2025-06.zip
1750147200000,0.0000830763241225,BTC-USDT-SWAP-fundingrates-2025-06.zip
1750176000000,0.0000987205691616,BTC-USDT-SWAP-fundingrates-2025-06.zip
1750204800000,0.0000239824943308,BTC-USDT-SWAP-fundingrates-2025-06.zip
1750233600000,-0.0000043945227225,BTC-USDT-SWAP-fundingrates-2025-06.zip
1750262400000,0.0000548747330442,BTC-USDT-SWAP-fundingrates-2025-06.zip
1750291200000,0.0000017486466902,BTC-USDT-SWAP-fundingrates-2025-06.zip
1750320000000,0.0000297154361771,BTC-USDT-SWAP-fundingrates-2025-06.zip
1750348800000,0.000093121947436,BTC-USDT-SWAP-fundingrates-2025-06.zip
1750377600000,0.0000150970489302,BTC-USDT-SWAP-fundingrates-2025-06.zip
1750406400000,0.0000376218645785,BTC-USDT-SWAP-fundingrates-2025-06.zip
1750435200000,0.0000595124187289,BTC-USDT-SWAP-fundingrates-2025-06.zip
1750464000000,-0.0000042360963853,BTC-USDT-SWAP-fundingrates-2025-06.zip
1750492800000,-0.0000247403345674,BTC-USDT-SWAP-fundingrates-2025-06.zip
1750521600000,0.0000827708234959,BTC-USDT-SWAP-fundingrates-2025-06.zip
1750550400000,0.0000397040911469,BTC-USDT-SWAP-fundingrates-2025-06.zip
1750579200000,0.0000395182696428,BTC-USDT-SWAP-fundingrates-2025-06.zip
1750608000000,0.0000508392204879,BTC-USDT-SWAP-fundingrates-2025-06.zip
1750636800000,-0.00005334657543,BTC-USDT-SWAP-fundingrates-2025-06.zip
1750665600000,-0.000021329146121,BTC-USDT-SWAP-fundingrates-2025-06.zip
1750694400000,0.0000415529546045,BTC-USDT-SWAP-fundingrates-2025-06.zip
1750723200000,-0.0000190952717654,BTC-USDT-SWAP-fundingrates-2025-06.zip
1750752000000,0.0000327189026426,BTC-USDT-SWAP-fundingrates-2025-06.zip
1750780800000,0.0000373818994284,BTC-USDT-SWAP-fundingrates-2025-06.zip
1750809600000,-0.0000295314939576,BTC-USDT-SWAP-fundingrates-2025-06.zip
1750838400000,0.0000721857553953,BTC-USDT-SWAP-fundingrates-2025-06.zip
1750867200000,-0.0000078500422581,BTC-USDT-SWAP-fundingrates-2025-06.zip
1750896000000,-0.0000521208110361,BTC-USDT-SWAP-fundingrates-2025-06.zip
1750924800000,0.0000283148318001,BTC-USDT-SWAP-fundingrates-2025-06.zip
1750953600000,0.0000239584331826,BTC-USDT-SWAP-fundingrates-2025-06.zip
1750982400000,0.0000125607840098,BTC-USDT-SWAP-fundingrates-2025-06.zip
1751011200000,-4.66411358E-8,BTC-USDT-SWAP-fundingrates-2025-06.zip
1751040000000,0.0000133052533877,BTC-USDT-SWAP-fundingrates-2025-06.zip
1751068800000,-0.0000075775508877,BTC-USDT-SWAP-fundingrates-2025-06.zip
1751097600000,-0.0000294844102158,BTC-USDT-SWAP-fundingrates-2025-06.zip
1751126400000,-0.000028699406371,BTC-USDT-SWAP-fundingrates-2025-06.zip
1751155200000,-0.000053101380944,BTC-USDT-SWAP-fundingrates-2025-06.zip
1751184000000,0.0000176694256142,BTC-USDT-SWAP-fundingrates-2025-06.zip
1751212800000,0.0000239878353558,BTC-USDT-SWAP-fundingrates-2025-06.zip
1751241600000,-0.0000577857531372,BTC-USDT-SWAP-fundingrates-2025-06.zip
1751270400000,-0.0000059134499671,BTC-USDT-SWAP-fundingrates-2025-06.zip
1751299200000,0.0000220515529903,BTC-USDT-SWAP-fundingrates-2025-07.zip
1751328000000,-0.0000696522861993,BTC-USDT-SWAP-fundingrates-2025-07.zip
1751356800000,0.000065114139632,BTC-USDT-SWAP-fundingrates-2025-07.zip
1751385600000,0.0000056833712858,BTC-USDT-SWAP-fundingrates-2025-07.zip
1751414400000,0.0000414374923927,BTC-USDT-SWAP-fundingrates-2025-07.zip
1751443200000,-0.0000338413961568,BTC-USDT-SWAP-fundingrates-2025-07.zip
1751472000000,0.0000153939988284,BTC-USDT-SWAP-fundingrates-2025-07.zip
1751500800000,0.0000619084888648,BTC-USDT-SWAP-fundingrates-2025-07.zip
1751529600000,0.0000525136790603,BTC-USDT-SWAP-fundingrates-2025-07.zip
1751558400000,0.0000447248844533,BTC-USDT-SWAP-fundingrates-2025-07.zip
1751587200000,0.0000161459984621,BTC-USDT-SWAP-fundingrates-2025-07.zip
1751616000000,0.000013926344289,BTC-USDT-SWAP-fundingrates-2025-07.zip
1751644800000,0.000061222782396,BTC-USDT-SWAP-fundingrates-2025-07.zip
1751673600000,0.0000332687189961,BTC-USDT-SWAP-fundingrates-2025-07.zip
1751702400000,-0.0000157499070073,BTC-USDT-SWAP-fundingrates-2025-07.zip
1751731200000,-0.0000116945702931,BTC-USDT-SWAP-fundingrates-2025-07.zip
1751760000000,-0.0000425242907637,BTC-USDT-SWAP-fundingrates-2025-07.zip
1751788800000,0.0000328077241712,BTC-USDT-SWAP-fundingrates-2025-07.zip
1751817600000,0.0000475987842235,BTC-USDT-SWAP-fundingrates-2025-07.zip
1751846400000,0.0000568831433479,BTC-USDT-SWAP-fundingrates-2025-07.zip
1751875200000,0.0000466853787847,BTC-USDT-SWAP-fundingrates-2025-07.zip
1751904000000,0.0000212333730207,BTC-USDT-SWAP-fundingrates-2025-07.zip
1751932800000,0.0000329963566429,BTC-USDT-SWAP-fundingrates-2025-07.zip
1751961600000,0.0000730329825476,BTC-USDT-SWAP-fundingrates-2025-07.zip
1751990400000,0.0000091288501819,BTC-USDT-SWAP-fundingrates-2025-07.zip
1752019200000,-0.000009619646961,BTC-USDT-SWAP-fundingrates-2025-07.zip
1752048000000,0.0000618037532493,BTC-USDT-SWAP-fundingrates-2025-07.zip
1752076800000,0.0000361079715861,BTC-USDT-SWAP-fundingrates-2025-07.zip
1752105600000,0.0000471558832237,BTC-USDT-SWAP-fundingrates-2025-07.zip
1752134400000,0.0000189503321706,BTC-USDT-SWAP-fundingrates-2025-07.zip
1752163200000,0.0000212570433261,BTC-USDT-SWAP-fundingrates-2025-07.zip
1752192000000,0.0001,BTC-USDT-SWAP-fundingrates-2025-07.zip
1752220800000,0.0001,BTC-USDT-SWAP-fundingrates-2025-07.zip
1752249600000,0.0001,BTC-USDT-SWAP-fundingrates-2025-07.zip
1752278400000,0.0001,BTC-USDT-SWAP-fundingrates-2025-07.zip
1752307200000,0.0001,BTC-USDT-SWAP-fundingrates-2025-07.zip
1752336000000,0.0001,BTC-USDT-SWAP-fundingrates-2025-07.zip
1752364800000,0.0001,BTC-USDT-SWAP-fundingrates-2025-07.zip
1752393600000,0.0000884800306931,BTC-USDT-SWAP-fundingrates-2025-07.zip
1752422400000,0.0001,BTC-USDT-SWAP-fundingrates-2025-07.zip
1752451200000,0.0001,BTC-USDT-SWAP-fundingrates-2025-07.zip
1752480000000,0.0001,BTC-USDT-SWAP-fundingrates-2025-07.zip
1752508800000,0.0001,BTC-USDT-SWAP-fundingrates-2025-07.zip
1752537600000,0.0001,BTC-USDT-SWAP-fundingrates-2025-07.zip
1752566400000,0.0001,BTC-USDT-SWAP-fundingrates-2025-07.zip
1752595200000,0.0001,BTC-USDT-SWAP-fundingrates-2025-07.zip
1752624000000,0.0001,BTC-USDT-SWAP-fundingrates-2025-07.zip
1752652800000,0.0001,BTC-USDT-SWAP-fundingrates-2025-07.zip
1752681600000,0.0001,BTC-USDT-SWAP-fundingrates-2025-07.zip
1752710400000,0.0001,BTC-USDT-SWAP-fundingrates-2025-07.zip
1752739200000,0.0001,BTC-USDT-SWAP-fundingrates-2025-07.zip
1752768000000,0.0001,BTC-USDT-SWAP-fundingrates-2025-07.zip
1752796800000,0.0001,BTC-USDT-SWAP-fundingrates-2025-07.zip
1752825600000,0.0001,BTC-USDT-SWAP-fundingrates-2025-07.zip
1752854400000,0.0001,BTC-USDT-SWAP-fundingrates-2025-07.zip
1752883200000,0.0001,BTC-USDT-SWAP-fundingrates-2025-07.zip
1752912000000,0.0001,BTC-USDT-SWAP-fundingrates-2025-07.zip
1752940800000,0.0001,BTC-USDT-SWAP-fundingrates-2025-07.zip
1752969600000,0.0001,BTC-USDT-SWAP-fundingrates-2025-07.zip
1752998400000,0.0001,BTC-USDT-SWAP-fundingrates-2025-07.zip
1753027200000,0.0001,BTC-USDT-SWAP-fundingrates-2025-07.zip
1753056000000,0.0001,BTC-USDT-SWAP-fundingrates-2025-07.zip
1753084800000,0.0001,BTC-USDT-SWAP-fundingrates-2025-07.zip
1753113600000,0.0001200283969329,BTC-USDT-SWAP-fundingrates-2025-07.zip
1753142400000,0.0001,BTC-USDT-SWAP-fundingrates-2025-07.zip
1753171200000,0.0001,BTC-USDT-SWAP-fundingrates-2025-07.zip
1753200000000,0.0001835000980689,BTC-USDT-SWAP-fundingrates-2025-07.zip
1753228800000,0.0001604294885981,BTC-USDT-SWAP-fundingrates-2025-07.zip
1753257600000,0.0001,BTC-USDT-SWAP-fundingrates-2025-07.zip
1753286400000,0.0001,BTC-USDT-SWAP-fundingrates-2025-07.zip
1753315200000,0.0001,BTC-USDT-SWAP-fundingrates-2025-07.zip
1753344000000,0.0001,BTC-USDT-SWAP-fundingrates-2025-07.zip
1753372800000,0.0001,BTC-USDT-SWAP-fundingrates-2025-07.zip
1753401600000,0.0001,BTC-USDT-SWAP-fundingrates-2025-07.zip
1753430400000,0.0001,BTC-USDT-SWAP-fundingrates-2025-07.zip
1753459200000,0.0001,BTC-USDT-SWAP-fundingrates-2025-07.zip
1753488000000,0.0001,BTC-USDT-SWAP-fundingrates-2025-07.zip
1753516800000,0.0001,BTC-USDT-SWAP-fundingrates-2025-07.zip
1753545600000,0.0001,BTC-USDT-SWAP-fundingrates-2025-07.zip
1753574400000,0.0001,BTC-USDT-SWAP-fundingrates-2025-07.zip
1753603200000,0.0001,BTC-USDT-SWAP-fundingrates-2025-07.zip
1753632000000,0.0001,BTC-USDT-SWAP-fundingrates-2025-07.zip
1753660800000,0.0001,BTC-USDT-SWAP-fundingrates-2025-07.zip
1753689600000,0.0001,BTC-USDT-SWAP-fundingrates-2025-07.zip
1753718400000,0.0001,BTC-USDT-SWAP-fundingrates-2025-07.zip
1753747200000,0.0001,BTC-USDT-SWAP-fundingrates-2025-07.zip
1753776000000,0.0001,BTC-USDT-SWAP-fundingrates-2025-07.zip
1753804800000,0.0001,BTC-USDT-SWAP-fundingrates-2025-07.zip
1753833600000,0.0001,BTC-USDT-SWAP-fundingrates-2025-07.zip
1753862400000,0.0001,BTC-USDT-SWAP-fundingrates-2025-07.zip
1753891200000,0.0001,BTC-USDT-SWAP-fundingrates-2025-07.zip
1753920000000,0.0001,BTC-USDT-SWAP-fundingrates-2025-07.zip
1753948800000,0.0001,BTC-USDT-SWAP-fundingrates-2025-07.zip
1753977600000,0.0001,BTC-USDT-SWAP-fundingrates-2025-08.zip
1754006400000,0.0001,BTC-USDT-SWAP-fundingrates-2025-08.zip
1754035200000,0.0000613452905733,BTC-USDT-SWAP-fundingrates-2025-08.zip
1754064000000,0.0000779868203568,BTC-USDT-SWAP-fundingrates-2025-08.zip
1754092800000,0.0001,BTC-USDT-SWAP-fundingrates-2025-08.zip
1754121600000,0.0000468713268359,BTC-USDT-SWAP-fundingrates-2025-08.zip
1754150400000,0.0001,BTC-USDT-SWAP-fundingrates-2025-08.zip
1754179200000,0.0001,BTC-USDT-SWAP-fundingrates-2025-08.zip
1754208000000,0.0000126951686887,BTC-USDT-SWAP-fundingrates-2025-08.zip
1754236800000,0.0000523547394566,BTC-USDT-SWAP-fundingrates-2025-08.zip
1754265600000,0.0000452659979921,BTC-USDT-SWAP-fundingrates-2025-08.zip
1754294400000,0.0001,BTC-USDT-SWAP-fundingrates-2025-08.zip
1754323200000,0.0001,BTC-USDT-SWAP-fundingrates-2025-08.zip
1754352000000,0.0001,BTC-USDT-SWAP-fundingrates-2025-08.zip
1754380800000,0.0001,BTC-USDT-SWAP-fundingrates-2025-08.zip
1754409600000,0.0000784147344761,BTC-USDT-SWAP-fundingrates-2025-08.zip
1754438400000,0.0001,BTC-USDT-SWAP-fundingrates-2025-08.zip
1754467200000,0.0000618819120163,BTC-USDT-SWAP-fundingrates-2025-08.zip
1754496000000,0.0000864430613779,BTC-USDT-SWAP-fundingrates-2025-08.zip
1754524800000,0.0000167465628521,BTC-USDT-SWAP-fundingrates-2025-08.zip
1754553600000,0.0001,BTC-USDT-SWAP-fundingrates-2025-08.zip
1754582400000,0.0001,BTC-USDT-SWAP-fundingrates-2025-08.zip
1754611200000,0.0001,BTC-USDT-SWAP-fundingrates-2025-08.zip
1754640000000,0.0000866155092737,BTC-USDT-SWAP-fundingrates-2025-08.zip
1754668800000,0.0001,BTC-USDT-SWAP-fundingrates-2025-08.zip
1754697600000,0.0000762015356961,BTC-USDT-SWAP-fundingrates-2025-08.zip
1754726400000,0.0001,BTC-USDT-SWAP-fundingrates-2025-08.zip
1754755200000,0.0001,BTC-USDT-SWAP-fundingrates-2025-08.zip
1754784000000,0.0001,BTC-USDT-SWAP-fundingrates-2025-08.zip
1754812800000,0.0001,BTC-USDT-SWAP-fundingrates-2025-08.zip
1754841600000,0.0001,BTC-USDT-SWAP-fundingrates-2025-08.zip
1754870400000,0.0001,BTC-USDT-SWAP-fundingrates-2025-08.zip
1754899200000,0.0001,BTC-USDT-SWAP-fundingrates-2025-08.zip
1754928000000,0.0001,BTC-USDT-SWAP-fundingrates-2025-08.zip
1754956800000,0.0001,BTC-USDT-SWAP-fundingrates-2025-08.zip
1754985600000,0.0001,BTC-USDT-SWAP-fundingrates-2025-08.zip
1755014400000,0.0001,BTC-USDT-SWAP-fundingrates-2025-08.zip
1755043200000,0.0001,BTC-USDT-SWAP-fundingrates-2025-08.zip
1755072000000,0.0001,BTC-USDT-SWAP-fundingrates-2025-08.zip
1755100800000,0.0001,BTC-USDT-SWAP-fundingrates-2025-08.zip
1755129600000,0.0001,BTC-USDT-SWAP-fundingrates-2025-08.zip
1755158400000,0.0001,BTC-USDT-SWAP-fundingrates-2025-08.zip
1755187200000,0.0001,BTC-USDT-SWAP-fundingrates-2025-08.zip
1755216000000,0.0001,BTC-USDT-SWAP-fundingrates-2025-08.zip
1755244800000,0.0001,BTC-USDT-SWAP-fundingrates-2025-08.zip
1755273600000,0.0001,BTC-USDT-SWAP-fundingrates-2025-08.zip
1755302400000,0.0000485042249884,BTC-USDT-SWAP-fundingrates-2025-08.zip
1755331200000,0.0000963406866335,BTC-USDT-SWAP-fundingrates-2025-08.zip
1755360000000,0.0001,BTC-USDT-SWAP-fundingrates-2025-08.zip
1755388800000,0.0000338648369538,BTC-USDT-SWAP-fundingrates-2025-08.zip
1755417600000,0.0000271023628584,BTC-USDT-SWAP-fundingrates-2025-08.zip
1755446400000,0.0000813313916158,BTC-USDT-SWAP-fundingrates-2025-08.zip
1755475200000,0.0000049730324728,BTC-USDT-SWAP-fundingrates-2025-08.zip
1755504000000,0.0000073081596415,BTC-USDT-SWAP-fundingrates-2025-08.zip
1755532800000,0.0001,BTC-USDT-SWAP-fundingrates-2025-08.zip
1755561600000,0.0001,BTC-USDT-SWAP-fundingrates-2025-08.zip
1755590400000,0.0001,BTC-USDT-SWAP-fundingrates-2025-08.zip
1755619200000,0.0000734451158406,BTC-USDT-SWAP-fundingrates-2025-08.zip
1755648000000,0.0000274361330908,BTC-USDT-SWAP-fundingrates-2025-08.zip
1755676800000,0.0001,BTC-USDT-SWAP-fundingrates-2025-08.zip
1755705600000,0.0001,BTC-USDT-SWAP-fundingrates-2025-08.zip
1755734400000,0.0001,BTC-USDT-SWAP-fundingrates-2025-08.zip
1755763200000,0.0001,BTC-USDT-SWAP-fundingrates-2025-08.zip
1755792000000,0.0001,BTC-USDT-SWAP-fundingrates-2025-08.zip
1755820800000,0.0001,BTC-USDT-SWAP-fundingrates-2025-08.zip
1755849600000,0.0001,BTC-USDT-SWAP-fundingrates-2025-08.zip
1755878400000,0.0001,BTC-USDT-SWAP-fundingrates-2025-08.zip
1755907200000,0.0001,BTC-USDT-SWAP-fundingrates-2025-08.zip
1755936000000,0.0001,BTC-USDT-SWAP-fundingrates-2025-08.zip
1755964800000,0.0001,BTC-USDT-SWAP-fundingrates-2025-08.zip
1755993600000,0.0001,BTC-USDT-SWAP-fundingrates-2025-08.zip
1756022400000,0.0001,BTC-USDT-SWAP-fundingrates-2025-08.zip
1756051200000,0.0001,BTC-USDT-SWAP-fundingrates-2025-08.zip
1756080000000,0.0001,BTC-USDT-SWAP-fundingrates-2025-08.zip
1756108800000,0.0001,BTC-USDT-SWAP-fundingrates-2025-08.zip
1756137600000,0.0001,BTC-USDT-SWAP-fundingrates-2025-08.zip
1756166400000,0.0001,BTC-USDT-SWAP-fundingrates-2025-08.zip
1756195200000,0.0000661207889198,BTC-USDT-SWAP-fundingrates-2025-08.zip
1756224000000,0.0001,BTC-USDT-SWAP-fundingrates-2025-08.zip
1756252800000,0.0001,BTC-USDT-SWAP-fundingrates-2025-08.zip
1756281600000,0.0000850143326403,BTC-USDT-SWAP-fundingrates-2025-08.zip
1756310400000,0.0000501214998157,BTC-USDT-SWAP-fundingrates-2025-08.zip
1756339200000,0.0001,BTC-USDT-SWAP-fundingrates-2025-08.zip
1756368000000,0.0001,BTC-USDT-SWAP-fundingrates-2025-08.zip
1756396800000,0.0001,BTC-USDT-SWAP-fundingrates-2025-08.zip
1756425600000,0.0001,BTC-USDT-SWAP-fundingrates-2025-08.zip
1756454400000,0.0000892469381918,BTC-USDT-SWAP-fundingrates-2025-08.zip
1756483200000,0.0000328287759596,BTC-USDT-SWAP-fundingrates-2025-08.zip
1756512000000,0.0000779247075637,BTC-USDT-SWAP-fundingrates-2025-08.zip
1756540800000,0.0001,BTC-USDT-SWAP-fundingrates-2025-08.zip
1756569600000,0.0000815183153695,BTC-USDT-SWAP-fundingrates-2025-08.zip
1756598400000,0.0000861932302854,BTC-USDT-SWAP-fundingrates-2025-08.zip
1756627200000,0.0000664022487726,BTC-USDT-SWAP-fundingrates-2025-08.zip
1756656000000,0.0000813744388902,BTC-USDT-SWAP-fundingrates-2025-09.zip
1756684800000,0.0000582630671561,BTC-USDT-SWAP-fundingrates-2025-09.zip
1756713600000,0.0001,BTC-USDT-SWAP-fundingrates-2025-09.zip
1756742400000,0.0000991506161732,BTC-USDT-SWAP-fundingrates-2025-09.zip
1756771200000,0.0000556310360563,BTC-USDT-SWAP-fundingrates-2025-09.zip
1756800000000,0.0001,BTC-USDT-SWAP-fundingrates-2025-09.zip
1756828800000,0.0000927877513491,BTC-USDT-SWAP-fundingrates-2025-09.zip
1756857600000,0.0000470097462316,BTC-USDT-SWAP-fundingrates-2025-09.zip
1756886400000,0.0000152120848989,BTC-USDT-SWAP-fundingrates-2025-09.zip
1756915200000,0.0000419306777322,BTC-USDT-SWAP-fundingrates-2025-09.zip
1756944000000,0.0000688573902237,BTC-USDT-SWAP-fundingrates-2025-09.zip
1756972800000,0.0000849995788265,BTC-USDT-SWAP-fundingrates-2025-09.zip
1757001600000,0.0000349954753957,BTC-USDT-SWAP-fundingrates-2025-09.zip
1757030400000,0.0000225081536311,BTC-USDT-SWAP-fundingrates-2025-09.zip
1757059200000,0.0000770978698535,BTC-USDT-SWAP-fundingrates-2025-09.zip
1757088000000,0.0001,BTC-USDT-SWAP-fundingrates-2025-09.zip
1757116800000,0.0000479769299047,BTC-USDT-SWAP-fundingrates-2025-09.zip
1757145600000,0.0000635105037768,BTC-USDT-SWAP-fundingrates-2025-09.zip
1757174400000,0.0000943263961208,BTC-USDT-SWAP-fundingrates-2025-09.zip
1757203200000,0.0000563303988929,BTC-USDT-SWAP-fundingrates-2025-09.zip
1757232000000,0.0000718048999039,BTC-USDT-SWAP-fundingrates-2025-09.zip
1757260800000,0.000057967828589,BTC-USDT-SWAP-fundingrates-2025-09.zip
1757289600000,0.0000484715992901,BTC-USDT-SWAP-fundingrates-2025-09.zip
1757318400000,0.0000158947402445,BTC-USDT-SWAP-fundingrates-2025-09.zip
1757347200000,0.0001,BTC-USDT-SWAP-fundingrates-2025-09.zip
1757376000000,0.0001,BTC-USDT-SWAP-fundingrates-2025-09.zip
1757404800000,0.0001,BTC-USDT-SWAP-fundingrates-2025-09.zip
1757433600000,0.0001,BTC-USDT-SWAP-fundingrates-2025-09.zip
1757462400000,0.0000708087151652,BTC-USDT-SWAP-fundingrates-2025-09.zip
1757491200000,0.0001,BTC-USDT-SWAP-fundingrates-2025-09.zip
1757520000000,0.0001,BTC-USDT-SWAP-fundingrates-2025-09.zip
1757548800000,0.000002853755477,BTC-USDT-SWAP-fundingrates-2025-09.zip
1757577600000,0.0000458342409572,BTC-USDT-SWAP-fundingrates-2025-09.zip
1757606400000,0.0000520636832953,BTC-USDT-SWAP-fundingrates-2025-09.zip
1757635200000,0.00002508049308,BTC-USDT-SWAP-fundingrates-2025-09.zip
1757664000000,0.0001,BTC-USDT-SWAP-fundingrates-2025-09.zip
1757692800000,0.0001,BTC-USDT-SWAP-fundingrates-2025-09.zip
1757721600000,0.000011501912269,BTC-USDT-SWAP-fundingrates-2025-09.zip
1757750400000,0.0001,BTC-USDT-SWAP-fundingrates-2025-09.zip
1757779200000,0.0001,BTC-USDT-SWAP-fundingrates-2025-09.zip
1757808000000,0.0001,BTC-USDT-SWAP-fundingrates-2025-09.zip
1757836800000,0.0001,BTC-USDT-SWAP-fundingrates-2025-09.zip
1757865600000,0.0001,BTC-USDT-SWAP-fundingrates-2025-09.zip
1757894400000,0.0001,BTC-USDT-SWAP-fundingrates-2025-09.zip
1757923200000,0.0000901101859163,BTC-USDT-SWAP-fundingrates-2025-09.zip
1757952000000,-0.0000124198069316,BTC-USDT-SWAP-fundingrates-2025-09.zip
1757980800000,-0.0000091083321659,BTC-USDT-SWAP-fundingrates-2025-09.zip
1758009600000,0.0000800200923816,BTC-USDT-SWAP-fundingrates-2025-09.zip
1758038400000,0.0000209199024356,BTC-USDT-SWAP-fundingrates-2025-09.zip
1758067200000,0.0000983312646606,BTC-USDT-SWAP-fundingrates-2025-09.zip
1758096000000,0.0000309550649311,BTC-USDT-SWAP-fundingrates-2025-09.zip
1758124800000,0.0000814392305402,BTC-USDT-SWAP-fundingrates-2025-09.zip
1758153600000,0.0000889292456984,BTC-USDT-SWAP-fundingrates-2025-09.zip
1758182400000,0.0001,BTC-USDT-SWAP-fundingrates-2025-09.zip
1758211200000,0.0001,BTC-USDT-SWAP-fundingrates-2025-09.zip
1758240000000,0.0000461851699493,BTC-USDT-SWAP-fundingrates-2025-09.zip
1758268800000,0.0000480113475217,BTC-USDT-SWAP-fundingrates-2025-09.zip
1758297600000,0.0000784399069955,BTC-USDT-SWAP-fundingrates-2025-09.zip
1758326400000,0.000008581228578,BTC-USDT-SWAP-fundingrates-2025-09.zip
1758355200000,-0.00000449908736,BTC-USDT-SWAP-fundingrates-2025-09.zip
1758384000000,-0.0000083462481017,BTC-USDT-SWAP-fundingrates-2025-09.zip
1758412800000,-0.0000604751836386,BTC-USDT-SWAP-fundingrates-2025-09.zip
1758441600000,0.0000081557067236,BTC-USDT-SWAP-fundingrates-2025-09.zip
1758470400000,0.0000464361467578,BTC-USDT-SWAP-fundingrates-2025-09.zip
1758499200000,0.0000336085197974,BTC-USDT-SWAP-fundingrates-2025-09.zip
1758528000000,-0.0000387172163687,BTC-USDT-SWAP-fundingrates-2025-09.zip
1758556800000,-0.0000010121974008,BTC-USDT-SWAP-fundingrates-2025-09.zip
1758585600000,0.000079583959544,BTC-USDT-SWAP-fundingrates-2025-09.zip
1758614400000,0.0000322190977896,BTC-USDT-SWAP-fundingrates-2025-09.zip
1758643200000,-0.0000024000737162,BTC-USDT-SWAP-fundingrates-2025-09.zip
1758672000000,0.0000380389885397,BTC-USDT-SWAP-fundingrates-2025-09.zip
1758700800000,0.0000321526554476,BTC-USDT-SWAP-fundingrates-2025-09.zip
1758729600000,-0.0000138496700414,BTC-USDT-SWAP-fundingrates-2025-09.zip
1758758400000,-0.0001035366709803,BTC-USDT-SWAP-fundingrates-2025-09.zip
1758787200000,0.0000680220613905,BTC-USDT-SWAP-fundingrates-2025-09.zip
1758816000000,0.000066725642393,BTC-USDT-SWAP-fundingrates-2025-09.zip
1758844800000,0.0000288955042256,BTC-USDT-SWAP-fundingrates-2025-09.zip
1758873600000,-0.0000133862398617,BTC-USDT-SWAP-fundingrates-2025-09.zip
1758902400000,0.0000814539567679,BTC-USDT-SWAP-fundingrates-2025-09.zip
1758931200000,0.0000092253893848,BTC-USDT-SWAP-fundingrates-2025-09.zip
1758960000000,-0.000023897271378,BTC-USDT-SWAP-fundingrates-2025-09.zip
1758988800000,0.0000196412930037,BTC-USDT-SWAP-fundingrates-2025-09.zip
1759017600000,-0.000050659947473,BTC-USDT-SWAP-fundingrates-2025-09.zip
1759046400000,0.0000337994508028,BTC-USDT-SWAP-fundingrates-2025-09.zip
1759075200000,0.0000632676962919,BTC-USDT-SWAP-fundingrates-2025-09.zip
1759104000000,-0.0000224166004983,BTC-USDT-SWAP-fundingrates-2025-09.zip
1759132800000,0.0000292853460455,BTC-USDT-SWAP-fundingrates-2025-09.zip
1759161600000,0.0000218890230514,BTC-USDT-SWAP-fundingrates-2025-09.zip
1759190400000,0.0000371049299537,BTC-USDT-SWAP-fundingrates-2025-09.zip
1759219200000,0.0001,BTC-USDT-SWAP-fundingrates-2025-09.zip
1759248000000,0.0000435227821262,BTC-USDT-SWAP-fundingrates-2025-10.zip
1759276800000,0.0000415423175526,BTC-USDT-SWAP-fundingrates-2025-10.zip
1759305600000,0.0000664887042417,BTC-USDT-SWAP-fundingrates-2025-10.zip
1759334400000,0.000056141693506,BTC-USDT-SWAP-fundingrates-2025-10.zip
1759363200000,0.0001,BTC-USDT-SWAP-fundingrates-2025-10.zip
1759392000000,0.0001,BTC-USDT-SWAP-fundingrates-2025-10.zip
1759420800000,0.0001,BTC-USDT-SWAP-fundingrates-2025-10.zip
1759449600000,0.0000171255780752,BTC-USDT-SWAP-fundingrates-2025-10.zip
1759478400000,0.0001,BTC-USDT-SWAP-fundingrates-2025-10.zip
1759507200000,0.0001,BTC-USDT-SWAP-fundingrates-2025-10.zip
1759536000000,0.0000667325012209,BTC-USDT-SWAP-fundingrates-2025-10.zip
1759564800000,0.0001,BTC-USDT-SWAP-fundingrates-2025-10.zip
1759593600000,0.000040116404144,BTC-USDT-SWAP-fundingrates-2025-10.zip
1759622400000,0.0001,BTC-USDT-SWAP-fundingrates-2025-10.zip
1759651200000,0.0001,BTC-USDT-SWAP-fundingrates-2025-10.zip
1759680000000,0.0000645955798541,BTC-USDT-SWAP-fundingrates-2025-10.zip
1759708800000,0.0001,BTC-USDT-SWAP-fundingrates-2025-10.zip
1759737600000,0.0000624518666953,BTC-USDT-SWAP-fundingrates-2025-10.zip
1759766400000,0.0001,BTC-USDT-SWAP-fundingrates-2025-10.zip
1759795200000,0.0001,BTC-USDT-SWAP-fundingrates-2025-10.zip
1759824000000,0.0000429417997059,BTC-USDT-SWAP-fundingrates-2025-10.zip
1759852800000,0.0001,BTC-USDT-SWAP-fundingrates-2025-10.zip
1759881600000,0.0000386570430827,BTC-USDT-SWAP-fundingrates-2025-10.zip
1759910400000,0.0001,BTC-USDT-SWAP-fundingrates-2025-10.zip
1759939200000,0.0000216847031279,BTC-USDT-SWAP-fundingrates-2025-10.zip
1759968000000,0.000017896600272,BTC-USDT-SWAP-fundingrates-2025-10.zip
1759996800000,-0.0000040910449446,BTC-USDT-SWAP-fundingrates-2025-10.zip
1760025600000,0.0000669219128379,BTC-USDT-SWAP-fundingrates-2025-10.zip
1760054400000,0.0001,BTC-USDT-SWAP-fundingrates-2025-10.zip
1760083200000,0.0001,BTC-USDT-SWAP-fundingrates-2025-10.zip
1760112000000,0.000049590713208,BTC-USDT-SWAP-fundingrates-2025-10.zip
1760140800000,-0.00050509797655,BTC-USDT-SWAP-fundingrates-2025-10.zip
1760169600000,0.0001,BTC-USDT-SWAP-fundingrates-2025-10.zip
1760198400000,0.0001,BTC-USDT-SWAP-fundingrates-2025-10.zip
1760227200000,0.0001,BTC-USDT-SWAP-fundingrates-2025-10.zip
1760256000000,0.000079983520568,BTC-USDT-SWAP-fundingrates-2025-10.zip
1760284800000,0.0000292152517062,BTC-USDT-SWAP-fundingrates-2025-10.zip
1760313600000,0.0000059661536328,BTC-USDT-SWAP-fundingrates-2025-10.zip
1760342400000,0.0000773188132622,BTC-USDT-SWAP-fundingrates-2025-10.zip
1760371200000,0.0000472671451613,BTC-USDT-SWAP-fundingrates-2025-10.zip
1760400000000,0.0000468274121292,BTC-USDT-SWAP-fundingrates-2025-10.zip
1760428800000,0.0000708063647784,BTC-USDT-SWAP-fundingrates-2025-10.zip
1760457600000,1.451046899E-7,BTC-USDT-SWAP-fundingrates-2025-10.zip
1760486400000,0.0000617932781007,BTC-USDT-SWAP-fundingrates-2025-10.zip
1760515200000,0.0000733825115214,BTC-USDT-SWAP-fundingrates-2025-10.zip
1760544000000,0.0000477458074397,BTC-USDT-SWAP-fundingrates-2025-10.zip
1760572800000,-0.0000132709606203,BTC-USDT-SWAP-fundingrates-2025-10.zip
1760601600000,-0.0000186052091159,BTC-USDT-SWAP-fundingrates-2025-10.zip
1760630400000,0.0000059933766917,BTC-USDT-SWAP-fundingrates-2025-10.zip
1760659200000,0.0000210230551403,BTC-USDT-SWAP-fundingrates-2025-10.zip
1760688000000,0.0000302194591068,BTC-USDT-SWAP-fundingrates-2025-10.zip
1760716800000,0.0000225259268474,BTC-USDT-SWAP-fundingrates-2025-10.zip
1760745600000,-0.0000442512565269,BTC-USDT-SWAP-fundingrates-2025-10.zip
1760774400000,0.0000069041376423,BTC-USDT-SWAP-fundingrates-2025-10.zip
1760803200000,-0.0000541252201146,BTC-USDT-SWAP-fundingrates-2025-10.zip
1760832000000,-0.0000435891005759,BTC-USDT-SWAP-fundingrates-2025-10.zip
1760860800000,-0.0000167838206472,BTC-USDT-SWAP-fundingrates-2025-10.zip
1760889600000,-0.0000102925571337,BTC-USDT-SWAP-fundingrates-2025-10.zip
1760918400000,0.0000122179358928,BTC-USDT-SWAP-fundingrates-2025-10.zip
1760947200000,-0.0000037521438921,BTC-USDT-SWAP-fundingrates-2025-10.zip
1760976000000,0.0000387779059402,BTC-USDT-SWAP-fundingrates-2025-10.zip
1761004800000,0.0000090185681711,BTC-USDT-SWAP-fundingrates-2025-10.zip
1761033600000,0.0000758427334556,BTC-USDT-SWAP-fundingrates-2025-10.zip
1761062400000,0.0000426546950883,BTC-USDT-SWAP-fundingrates-2025-10.zip
1761091200000,0.0001,BTC-USDT-SWAP-fundingrates-2025-10.zip
1761120000000,-0.0000256449996513,BTC-USDT-SWAP-fundingrates-2025-10.zip
1761148800000,0.0000143167070454,BTC-USDT-SWAP-fundingrates-2025-10.zip
1761177600000,0.0000825812211716,BTC-USDT-SWAP-fundingrates-2025-10.zip
1761206400000,0.0000415846074772,BTC-USDT-SWAP-fundingrates-2025-10.zip
1761235200000,0.0000429932201282,BTC-USDT-SWAP-fundingrates-2025-10.zip
1761264000000,-0.0000086364236902,BTC-USDT-SWAP-fundingrates-2025-10.zip
1761292800000,0.0000500709346333,BTC-USDT-SWAP-fundingrates-2025-10.zip
1761321600000,0.0000155367462775,BTC-USDT-SWAP-fundingrates-2025-10.zip
1761350400000,-0.0000253998741815,BTC-USDT-SWAP-fundingrates-2025-10.zip
1761379200000,0.000038224703964,BTC-USDT-SWAP-fundingrates-2025-10.zip
1761408000000,0.0000197285420459,BTC-USDT-SWAP-fundingrates-2025-10.zip
1761436800000,-0.0000117483110448,BTC-USDT-SWAP-fundingrates-2025-10.zip
1761465600000,0.0000101631439833,BTC-USDT-SWAP-fundingrates-2025-10.zip
1761494400000,0.0000677562407709,BTC-USDT-SWAP-fundingrates-2025-10.zip
1761523200000,0.0000840142543229,BTC-USDT-SWAP-fundingrates-2025-10.zip
1761552000000,0.0000503211470478,BTC-USDT-SWAP-fundingrates-2025-10.zip
1761580800000,0.0000685572608467,BTC-USDT-SWAP-fundingrates-2025-10.zip
1761609600000,0.0000921788987883,BTC-USDT-SWAP-fundingrates-2025-10.zip
1761638400000,0.0000872978810723,BTC-USDT-SWAP-fundingrates-2025-10.zip
1761667200000,0.0000351414811064,BTC-USDT-SWAP-fundingrates-2025-10.zip
1761696000000,0.0000263736420873,BTC-USDT-SWAP-fundingrates-2025-10.zip
1761724800000,-0.0000846800439742,BTC-USDT-SWAP-fundingrates-2025-10.zip
1761753600000,0.0000705834524477,BTC-USDT-SWAP-fundingrates-2025-10.zip
1761782400000,-0.0000074338298544,BTC-USDT-SWAP-fundingrates-2025-10.zip
1761811200000,-0.0000015992465571,BTC-USDT-SWAP-fundingrates-2025-10.zip
1761840000000,0.0000318389134115,BTC-USDT-SWAP-fundingrates-2025-10.zip
1761868800000,0.0000213834465324,BTC-USDT-SWAP-fundingrates-2025-10.zip
1761897600000,-0.0000155019983637,BTC-USDT-SWAP-fundingrates-2025-10.zip
1761926400000,0.0000162698570888,BTC-USDT-SWAP-fundingrates-2025-11.zip
1761955200000,0.000008585506063,BTC-USDT-SWAP-fundingrates-2025-11.zip
1761984000000,-0.000016899516073,BTC-USDT-SWAP-fundingrates-2025-11.zip
1762012800000,0.0000555605799215,BTC-USDT-SWAP-fundingrates-2025-11.zip
1762041600000,0.0000522212010509,BTC-USDT-SWAP-fundingrates-2025-11.zip
1762070400000,0.0000585517753112,BTC-USDT-SWAP-fundingrates-2025-11.zip
1762099200000,0.0000320912292502,BTC-USDT-SWAP-fundingrates-2025-11.zip
1762128000000,0.0000456077884426,BTC-USDT-SWAP-fundingrates-2025-11.zip
1762156800000,0.0000731519084101,BTC-USDT-SWAP-fundingrates-2025-11.zip
1762185600000,0.0000267288924878,BTC-USDT-SWAP-fundingrates-2025-11.zip
1762214400000,0.0000404735864738,BTC-USDT-SWAP-fundingrates-2025-11.zip
1762243200000,0.0000584665104018,BTC-USDT-SWAP-fundingrates-2025-11.zip
1762272000000,0.0000661997790086,BTC-USDT-SWAP-fundingrates-2025-11.zip
1762300800000,0.000064991693472,BTC-USDT-SWAP-fundingrates-2025-11.zip
1762329600000,0.0000842147994619,BTC-USDT-SWAP-fundingrates-2025-11.zip
1762358400000,0.0000451297573925,BTC-USDT-SWAP-fundingrates-2025-11.zip
1762387200000,0.0000157168294851,BTC-USDT-SWAP-fundingrates-2025-11.zip
1762416000000,0.0001,BTC-USDT-SWAP-fundingrates-2025-11.zip
1762444800000,0.0000454143090428,BTC-USDT-SWAP-fundingrates-2025-11.zip
1762473600000,0.000050279459665,BTC-USDT-SWAP-fundingrates-2025-11.zip
1762502400000,0.0000714869537633,BTC-USDT-SWAP-fundingrates-2025-11.zip
1762531200000,0.0000559176142399,BTC-USDT-SWAP-fundingrates-2025-11.zip
1762560000000,0.000029557650032,BTC-USDT-SWAP-fundingrates-2025-11.zip
1762588800000,0.0000558312624923,BTC-USDT-SWAP-fundingrates-2025-11.zip
1762617600000,0.0000649692316699,BTC-USDT-SWAP-fundingrates-2025-11.zip
1762646400000,0.0000412149216987,BTC-USDT-SWAP-fundingrates-2025-11.zip
1762675200000,0.0000130848727424,BTC-USDT-SWAP-fundingrates-2025-11.zip
1762704000000,0.0000425034396972,BTC-USDT-SWAP-fundingrates-2025-11.zip
1762732800000,0.000038809398772,BTC-USDT-SWAP-fundingrates-2025-11.zip
1762761600000,0.0000606213749321,BTC-USDT-SWAP-fundingrates-2025-11.zip
1762790400000,0.0000582994288523,BTC-USDT-SWAP-fundingrates-2025-11.zip
1762819200000,0.000005143721726,BTC-USDT-SWAP-fundingrates-2025-11.zip
1762848000000,0.0000197305330865,BTC-USDT-SWAP-fundingrates-2025-11.zip
1762876800000,0.0000985783046857,BTC-USDT-SWAP-fundingrates-2025-11.zip
1762905600000,0.0000724146262535,BTC-USDT-SWAP-fundingrates-2025-11.zip
1762934400000,0.0000042007594773,BTC-USDT-SWAP-fundingrates-2025-11.zip
1762963200000,0.0000527526927111,BTC-USDT-SWAP-fundingrates-2025-11.zip
1762992000000,-0.0000141044347494,BTC-USDT-SWAP-fundingrates-2025-11.zip
1763020800000,0.0000487123992611,BTC-USDT-SWAP-fundingrates-2025-11.zip
1763049600000,0.0000578386210321,BTC-USDT-SWAP-fundingrates-2025-11.zip
1763078400000,0.0000261802815236,BTC-USDT-SWAP-fundingrates-2025-11.zip
1763107200000,0.0000188199535677,BTC-USDT-SWAP-fundingrates-2025-11.zip
1763136000000,0.0000669129087792,BTC-USDT-SWAP-fundingrates-2025-11.zip
1763164800000,0.0000480162396011,BTC-USDT-SWAP-fundingrates-2025-11.zip
1763193600000,0.0000144273059268,BTC-USDT-SWAP-fundingrates-2025-11.zip
1763222400000,0.0000156113710552,BTC-USDT-SWAP-fundingrates-2025-11.zip
1763251200000,0.0000216064053648,BTC-USDT-SWAP-fundingrates-2025-11.zip
1763280000000,0.0000035513956278,BTC-USDT-SWAP-fundingrates-2025-11.zip
1763308800000,0.0000925527904674,BTC-USDT-SWAP-fundingrates-2025-11.zip
1763337600000,0.0000897052724139,BTC-USDT-SWAP-fundingrates-2025-11.zip
1763366400000,0.0001,BTC-USDT-SWAP-fundingrates-2025-11.zip
1763395200000,0.0000572812005786,BTC-USDT-SWAP-fundingrates-2025-11.zip
1763424000000,0.0000709211291411,BTC-USDT-SWAP-fundingrates-2025-11.zip
1763452800000,0.0001,BTC-USDT-SWAP-fundingrates-2025-11.zip
1763481600000,0.0000540586828625,BTC-USDT-SWAP-fundingrates-2025-11.zip
1763510400000,0.0000492661528492,BTC-USDT-SWAP-fundingrates-2025-11.zip
1763539200000,0.0000495383964065,BTC-USDT-SWAP-fundingrates-2025-11.zip
1763568000000,-4.331081165E-7,BTC-USDT-SWAP-fundingrates-2025-11.zip
1763596800000,0.0000752648217993,BTC-USDT-SWAP-fundingrates-2025-11.zip
1763625600000,0.0001,BTC-USDT-SWAP-fundingrates-2025-11.zip
1763654400000,0.000084294924693,BTC-USDT-SWAP-fundingrates-2025-11.zip
1763683200000,0.0000092001066584,BTC-USDT-SWAP-fundingrates-2025-11.zip
1763712000000,0.0000667480648454,BTC-USDT-SWAP-fundingrates-2025-11.zip
1763740800000,0.0000138760383927,BTC-USDT-SWAP-fundingrates-2025-11.zip
1763769600000,-6.274089297E-7,BTC-USDT-SWAP-fundingrates-2025-11.zip
1763798400000,0.0000439293031834,BTC-USDT-SWAP-fundingrates-2025-11.zip
1763827200000,0.0000133377098417,BTC-USDT-SWAP-fundingrates-2025-11.zip
1763856000000,0.0000088598328663,BTC-USDT-SWAP-fundingrates-2025-11.zip
1763884800000,0.0000161131618423,BTC-USDT-SWAP-fundingrates-2025-11.zip
1763913600000,-0.0000144662237659,BTC-USDT-SWAP-fundingrates-2025-11.zip
1763942400000,0.0000094534137043,BTC-USDT-SWAP-fundingrates-2025-11.zip
1763971200000,3.08968508E-7,BTC-USDT-SWAP-fundingrates-2025-11.zip
1764000000000,0.0000012752652456,BTC-USDT-SWAP-fundingrates-2025-11.zip
1764028800000,-0.0000310020541289,BTC-USDT-SWAP-fundingrates-2025-11.zip
1764057600000,-0.0000055803655123,BTC-USDT-SWAP-fundingrates-2025-11.zip
1764086400000,-0.0000175732368621,BTC-USDT-SWAP-fundingrates-2025-11.zip
1764115200000,-0.0000085030604203,BTC-USDT-SWAP-fundingrates-2025-11.zip
1764144000000,0.0000390069037912,BTC-USDT-SWAP-fundingrates-2025-11.zip
1764172800000,-0.0000026904453729,BTC-USDT-SWAP-fundingrates-2025-11.zip
1764201600000,-0.0000328296639169,BTC-USDT-SWAP-fundingrates-2025-11.zip
1764230400000,-0.0000481320193476,BTC-USDT-SWAP-fundingrates-2025-11.zip
1764259200000,0.000020164055648,BTC-USDT-SWAP-fundingrates-2025-11.zip
1764288000000,0.0000398122884152,BTC-USDT-SWAP-fundingrates-2025-11.zip
1764316800000,-0.0000248575351615,BTC-USDT-SWAP-fundingrates-2025-11.zip
1764345600000,-0.0000259107594352,BTC-USDT-SWAP-fundingrates-2025-11.zip
1764374400000,-0.0000244400410111,BTC-USDT-SWAP-fundingrates-2025-11.zip
1764403200000,0.000029309174804,BTC-USDT-SWAP-fundingrates-2025-11.zip
1764432000000,0.0000059169427636,BTC-USDT-SWAP-fundingrates-2025-11.zip
1764460800000,0.0000503531385804,BTC-USDT-SWAP-fundingrates-2025-11.zip
1764489600000,0.0000387257698794,BTC-USDT-SWAP-fundingrates-2025-11.zip
1764518400000,0.0000030252997618,BTC-USDT-SWAP-fundingrates-2025-12.zip
1764547200000,-0.0000454168275563,BTC-USDT-SWAP-fundingrates-2025-12.zip
1764576000000,0.0000878547437873,BTC-USDT-SWAP-fundingrates-2025-12.zip
1764604800000,0.0000268552249014,BTC-USDT-SWAP-fundingrates-2025-12.zip
1764633600000,-0.0000241854584761,BTC-USDT-SWAP-fundingrates-2025-12.zip
1764662400000,-0.0000517073219073,BTC-USDT-SWAP-fundingrates-2025-12.zip
1764691200000,-0.0000102990770661,BTC-USDT-SWAP-fundingrates-2025-12.zip
1764720000000,0.0000269186109393,BTC-USDT-SWAP-fundingrates-2025-12.zip
1764748800000,0.0000535702956953,BTC-USDT-SWAP-fundingrates-2025-12.zip
1764777600000,-0.0000043483163406,BTC-USDT-SWAP-fundingrates-2025-12.zip
1764806400000,1.042539944E-7,BTC-USDT-SWAP-fundingrates-2025-12.zip
1764835200000,0.0000224451591708,BTC-USDT-SWAP-fundingrates-2025-12.zip
1764864000000,0.0000246563561454,BTC-USDT-SWAP-fundingrates-2025-12.zip
1764892800000,-0.0000104776839236,BTC-USDT-SWAP-fundingrates-2025-12.zip
1764921600000,0.0000272714649899,BTC-USDT-SWAP-fundingrates-2025-12.zip
1764950400000,0.0000046204606211,BTC-USDT-SWAP-fundingrates-2025-12.zip
1764979200000,0.0000084696012699,BTC-USDT-SWAP-fundingrates-2025-12.zip
1765008000000,-0.0000468624792773,BTC-USDT-SWAP-fundingrates-2025-12.zip
1765036800000,-0.0000062842857432,BTC-USDT-SWAP-fundingrates-2025-12.zip
1765065600000,0.0000152626940595,BTC-USDT-SWAP-fundingrates-2025-12.zip
1765094400000,0.0000068212126887,BTC-USDT-SWAP-fundingrates-2025-12.zip
1765123200000,0.0000218136421857,BTC-USDT-SWAP-fundingrates-2025-12.zip
1765152000000,0.0000135873110327,BTC-USDT-SWAP-fundingrates-2025-12.zip
1765180800000,0.0000625772846077,BTC-USDT-SWAP-fundingrates-2025-12.zip
1765209600000,0.0000417294371364,BTC-USDT-SWAP-fundingrates-2025-12.zip
1765238400000,0.0000014217510604,BTC-USDT-SWAP-fundingrates-2025-12.zip
1765267200000,0.000020143970591,BTC-USDT-SWAP-fundingrates-2025-12.zip
1765296000000,0.0000314376088768,BTC-USDT-SWAP-fundingrates-2025-12.zip
1765324800000,-0.00002106548931,BTC-USDT-SWAP-fundingrates-2025-12.zip
1765353600000,0.0000307013968739,BTC-USDT-SWAP-fundingrates-2025-12.zip
1765382400000,0.0000454355228463,BTC-USDT-SWAP-fundingrates-2025-12.zip
1765411200000,0.000011585019151,BTC-USDT-SWAP-fundingrates-2025-12.zip
1765440000000,-0.0000578343280256,BTC-USDT-SWAP-fundingrates-2025-12.zip
1765468800000,0.0000381326266516,BTC-USDT-SWAP-fundingrates-2025-12.zip
1765497600000,0.0000798352629868,BTC-USDT-SWAP-fundingrates-2025-12.zip
1765526400000,0.0000295330850016,BTC-USDT-SWAP-fundingrates-2025-12.zip
1765555200000,0.0000509166388012,BTC-USDT-SWAP-fundingrates-2025-12.zip
1765584000000,-0.0000446226079733,BTC-USDT-SWAP-fundingrates-2025-12.zip
1765612800000,-0.0000447192438961,BTC-USDT-SWAP-fundingrates-2025-12.zip
1765641600000,0.0000804343815665,BTC-USDT-SWAP-fundingrates-2025-12.zip
1765670400000,0.0000221969465338,BTC-USDT-SWAP-fundingrates-2025-12.zip
1765699200000,0.000094343124815,BTC-USDT-SWAP-fundingrates-2025-12.zip
1765728000000,-0.0000398682057751,BTC-USDT-SWAP-fundingrates-2025-12.zip
1765756800000,-0.0000415087555172,BTC-USDT-SWAP-fundingrates-2025-12.zip
1765785600000,0.0000034627263933,BTC-USDT-SWAP-fundingrates-2025-12.zip
1765814400000,0.0000326245659781,BTC-USDT-SWAP-fundingrates-2025-12.zip
1765843200000,0.0000068288033363,BTC-USDT-SWAP-fundingrates-2025-12.zip
1765872000000,0.0000133890870828,BTC-USDT-SWAP-fundingrates-2025-12.zip
1765900800000,0.0000517809606767,BTC-USDT-SWAP-fundingrates-2025-12.zip
1765929600000,0.0000280389280645,BTC-USDT-SWAP-fundingrates-2025-12.zip
1765958400000,0.0000184152358761,BTC-USDT-SWAP-fundingrates-2025-12.zip
1765987200000,0.0000553408991163,BTC-USDT-SWAP-fundingrates-2025-12.zip
1766016000000,-0.00000339832563,BTC-USDT-SWAP-fundingrates-2025-12.zip
1766044800000,-0.0000144819660502,BTC-USDT-SWAP-fundingrates-2025-12.zip
1766073600000,0.0000712094396188,BTC-USDT-SWAP-fundingrates-2025-12.zip
1766102400000,-0.0000443232278523,BTC-USDT-SWAP-fundingrates-2025-12.zip
1766131200000,0.0000920425618278,BTC-USDT-SWAP-fundingrates-2025-12.zip
1766160000000,0.0000929266995776,BTC-USDT-SWAP-fundingrates-2025-12.zip
1766188800000,0.0000748311669613,BTC-USDT-SWAP-fundingrates-2025-12.zip
1766217600000,0.0000198296447443,BTC-USDT-SWAP-fundingrates-2025-12.zip
1766246400000,0.0000488421708994,BTC-USDT-SWAP-fundingrates-2025-12.zip
1766275200000,0.0000871759061347,BTC-USDT-SWAP-fundingrates-2025-12.zip
1766304000000,0.0000948939059172,BTC-USDT-SWAP-fundingrates-2025-12.zip
1766332800000,0.0000696168491226,BTC-USDT-SWAP-fundingrates-2025-12.zip
1766361600000,0.0000873296160841,BTC-USDT-SWAP-fundingrates-2025-12.zip
1766390400000,0.000028024149609,BTC-USDT-SWAP-fundingrates-2025-12.zip
1766419200000,0.0000889569368873,BTC-USDT-SWAP-fundingrates-2025-12.zip
1766448000000,0.0000044090483101,BTC-USDT-SWAP-fundingrates-2025-12.zip
1766476800000,-0.0000042180845299,BTC-USDT-SWAP-fundingrates-2025-12.zip
1766505600000,-0.000013876539094,BTC-USDT-SWAP-fundingrates-2025-12.zip
1766534400000,0.0000443674140844,BTC-USDT-SWAP-fundingrates-2025-12.zip
1766563200000,0.000029491004657,BTC-USDT-SWAP-fundingrates-2025-12.zip
1766592000000,-0.0000126426033949,BTC-USDT-SWAP-fundingrates-2025-12.zip
1766620800000,0.0000703299346247,BTC-USDT-SWAP-fundingrates-2025-12.zip
1766649600000,0.0000805752078836,BTC-USDT-SWAP-fundingrates-2025-12.zip
1766678400000,0.0000536917959586,BTC-USDT-SWAP-fundingrates-2025-12.zip
1766707200000,0.0000551439468641,BTC-USDT-SWAP-fundingrates-2025-12.zip
1766736000000,0.0001,BTC-USDT-SWAP-fundingrates-2025-12.zip
1766764800000,0.0000625537294225,BTC-USDT-SWAP-fundingrates-2025-12.zip
1766793600000,0.0000530627021077,BTC-USDT-SWAP-fundingrates-2025-12.zip
1766822400000,0.0000450461668475,BTC-USDT-SWAP-fundingrates-2025-12.zip
1766851200000,0.0000795308935754,BTC-USDT-SWAP-fundingrates-2025-12.zip
1766880000000,0.0000537349008223,BTC-USDT-SWAP-fundingrates-2025-12.zip
1766908800000,0.0000721871829258,BTC-USDT-SWAP-fundingrates-2025-12.zip
1766937600000,0.0000357403266387,BTC-USDT-SWAP-fundingrates-2025-12.zip
1766966400000,0.0000459337859992,BTC-USDT-SWAP-fundingrates-2025-12.zip
1766995200000,0.0001,BTC-USDT-SWAP-fundingrates-2025-12.zip
1767024000000,-0.0000110316732037,BTC-USDT-SWAP-fundingrates-2025-12.zip
1767052800000,0.0000919625009766,BTC-USDT-SWAP-fundingrates-2025-12.zip
1767081600000,-0.0000019201965912,BTC-USDT-SWAP-fundingrates-2025-12.zip
1767110400000,0.0000322385353321,BTC-USDT-SWAP-fundingrates-2025-12.zip
1767139200000,0.0000238990279049,BTC-USDT-SWAP-fundingrates-2025-12.zip
1767168000000,0.0000754315176026,BTC-USDT-SWAP-fundingrates-2025-12.zip
1767196800000,0.0000403844890835,BTC-USDT-SWAP-fundingrates-2026-01.zip
1767225600000,0.0000159050417522,BTC-USDT-SWAP-fundingrates-2026-01.zip
1767254400000,0.0000591350109139,BTC-USDT-SWAP-fundingrates-2026-01.zip
1767283200000,-0.0000302822323192,BTC-USDT-SWAP-fundingrates-2026-01.zip
1767312000000,0.0000332411064813,BTC-USDT-SWAP-fundingrates-2026-01.zip
1767340800000,0.0000486637513226,BTC-USDT-SWAP-fundingrates-2026-01.zip
1767369600000,-0.0000021535904435,BTC-USDT-SWAP-fundingrates-2026-01.zip
1767398400000,-0.0000642117395335,BTC-USDT-SWAP-fundingrates-2026-01.zip
1767427200000,0.0000473422006793,BTC-USDT-SWAP-fundingrates-2026-01.zip
1767456000000,-0.0000056257044749,BTC-USDT-SWAP-fundingrates-2026-01.zip
1767484800000,0.0000151740867498,BTC-USDT-SWAP-fundingrates-2026-01.zip
1767513600000,0.0000848410843342,BTC-USDT-SWAP-fundingrates-2026-01.zip
1767542400000,0.0000260572343733,BTC-USDT-SWAP-fundingrates-2026-01.zip
1767571200000,0.0000569466923904,BTC-USDT-SWAP-fundingrates-2026-01.zip
1767600000000,0.0001,BTC-USDT-SWAP-fundingrates-2026-01.zip
1767628800000,0.0000374778632081,BTC-USDT-SWAP-fundingrates-2026-01.zip
1767657600000,-0.0000515930067611,BTC-USDT-SWAP-fundingrates-2026-01.zip
1767686400000,0.000040653644262,BTC-USDT-SWAP-fundingrates-2026-01.zip
1767715200000,0.0000230616494438,BTC-USDT-SWAP-fundingrates-2026-01.zip
1767744000000,0.0000238560454793,BTC-USDT-SWAP-fundingrates-2026-01.zip
1767772800000,0.0001,BTC-USDT-SWAP-fundingrates-2026-01.zip
1767801600000,0.0000472991643634,BTC-USDT-SWAP-fundingrates-2026-01.zip
1767830400000,0.0000874660232529,BTC-USDT-SWAP-fundingrates-2026-01.zip
1767859200000,0.0000465345194127,BTC-USDT-SWAP-fundingrates-2026-01.zip
1767888000000,0.0000308533676478,BTC-USDT-SWAP-fundingrates-2026-01.zip
1767916800000,-0.0000454722116529,BTC-USDT-SWAP-fundingrates-2026-01.zip
1767945600000,0.0000453380137912,BTC-USDT-SWAP-fundingrates-2026-01.zip
1767974400000,0.0000123666169442,BTC-USDT-SWAP-fundingrates-2026-01.zip
1768003200000,0.0000550314392212,BTC-USDT-SWAP-fundingrates-2026-01.zip
1768032000000,0.0001,BTC-USDT-SWAP-fundingrates-2026-01.zip
1768060800000,0.0000038297144958,BTC-USDT-SWAP-fundingrates-2026-01.zip
1768089600000,0.0000210478660647,BTC-USDT-SWAP-fundingrates-2026-01.zip
1768118400000,0.0000863820028393,BTC-USDT-SWAP-fundingrates-2026-01.zip
1768147200000,0.000045374867989,BTC-USDT-SWAP-fundingrates-2026-01.zip
1768176000000,0.0000229343827591,BTC-USDT-SWAP-fundingrates-2026-01.zip
1768204800000,0.0001,BTC-USDT-SWAP-fundingrates-2026-01.zip
1768233600000,0.0000231357325911,BTC-USDT-SWAP-fundingrates-2026-01.zip
1768262400000,0.0000528216324674,BTC-USDT-SWAP-fundingrates-2026-01.zip
1768291200000,0.0000582501252247,BTC-USDT-SWAP-fundingrates-2026-01.zip
1768320000000,0.0000675470158811,BTC-USDT-SWAP-fundingrates-2026-01.zip
1768348800000,0.0000911585683032,BTC-USDT-SWAP-fundingrates-2026-01.zip
1768377600000,0.0001,BTC-USDT-SWAP-fundingrates-2026-01.zip
1768406400000,0.0000544822712124,BTC-USDT-SWAP-fundingrates-2026-01.zip
1768435200000,-0.0000202317440745,BTC-USDT-SWAP-fundingrates-2026-01.zip
1768464000000,0.0000754938172432,BTC-USDT-SWAP-fundingrates-2026-01.zip
1768492800000,0.000024679232452,BTC-USDT-SWAP-fundingrates-2026-01.zip
1768521600000,0.0000442572566272,BTC-USDT-SWAP-fundingrates-2026-01.zip
1768550400000,0.0000805480419191,BTC-USDT-SWAP-fundingrates-2026-01.zip
1768579200000,0.0000352574263423,BTC-USDT-SWAP-fundingrates-2026-01.zip
1768608000000,0.0000188230656352,BTC-USDT-SWAP-fundingrates-2026-01.zip
1768636800000,0.0000329321750457,BTC-USDT-SWAP-fundingrates-2026-01.zip
1768665600000,-0.0000239792780952,BTC-USDT-SWAP-fundingrates-2026-01.zip
1768694400000,0.0000628842038375,BTC-USDT-SWAP-fundingrates-2026-01.zip
1768723200000,0.0000671357181534,BTC-USDT-SWAP-fundingrates-2026-01.zip
1768752000000,0.0000799738664341,BTC-USDT-SWAP-fundingrates-2026-01.zip
1768780800000,0.0000349746325995,BTC-USDT-SWAP-fundingrates-2026-01.zip
1768809600000,-0.000055112599903,BTC-USDT-SWAP-fundingrates-2026-01.zip
1768838400000,0.0000212006514827,BTC-USDT-SWAP-fundingrates-2026-01.zip
1768867200000,0.0000637313985922,BTC-USDT-SWAP-fundingrates-2026-01.zip
1768896000000,0.0000861155115867,BTC-USDT-SWAP-fundingrates-2026-01.zip
1768924800000,0.0000522055719511,BTC-USDT-SWAP-fundingrates-2026-01.zip
1768953600000,0.0000539125888927,BTC-USDT-SWAP-fundingrates-2026-01.zip
1768982400000,-0.0000381347946719,BTC-USDT-SWAP-fundingrates-2026-01.zip
1769011200000,0.0000474779545085,BTC-USDT-SWAP-fundingrates-2026-01.zip
1769040000000,0.0000256185100736,BTC-USDT-SWAP-fundingrates-2026-01.zip
1769068800000,0.0000063581574411,BTC-USDT-SWAP-fundingrates-2026-01.zip
1769097600000,0.0000242891857974,BTC-USDT-SWAP-fundingrates-2026-01.zip
1769126400000,0.0000795094198701,BTC-USDT-SWAP-fundingrates-2026-01.zip
1769155200000,0.0000359713403361,BTC-USDT-SWAP-fundingrates-2026-01.zip
1769184000000,0.0000136714886431,BTC-USDT-SWAP-fundingrates-2026-01.zip
1769212800000,0.0000414704598464,BTC-USDT-SWAP-fundingrates-2026-01.zip
1769241600000,0.000028780524089,BTC-USDT-SWAP-fundingrates-2026-01.zip
1769270400000,0.0000618323117706,BTC-USDT-SWAP-fundingrates-2026-01.zip
1769299200000,0.0000146641107981,BTC-USDT-SWAP-fundingrates-2026-01.zip
1769328000000,0.0000622267079245,BTC-USDT-SWAP-fundingrates-2026-01.zip
1769356800000,0.0000064718371692,BTC-USDT-SWAP-fundingrates-2026-01.zip
1769385600000,0.0000545217598879,BTC-USDT-SWAP-fundingrates-2026-01.zip
1769414400000,-0.0000734996692213,BTC-USDT-SWAP-fundingrates-2026-01.zip
1769443200000,0.0000615635148209,BTC-USDT-SWAP-fundingrates-2026-01.zip
1769472000000,0.0000763719857417,BTC-USDT-SWAP-fundingrates-2026-01.zip
1769500800000,0.0000640717107348,BTC-USDT-SWAP-fundingrates-2026-01.zip
1769529600000,0.0000566073217609,BTC-USDT-SWAP-fundingrates-2026-01.zip
1769558400000,0.0000567467220139,BTC-USDT-SWAP-fundingrates-2026-01.zip
1769587200000,0.0000711755748427,BTC-USDT-SWAP-fundingrates-2026-01.zip
1769616000000,0.0000354006729896,BTC-USDT-SWAP-fundingrates-2026-01.zip
1769644800000,0.0000786134955275,BTC-USDT-SWAP-fundingrates-2026-01.zip
1769673600000,-0.0000041790606066,BTC-USDT-SWAP-fundingrates-2026-01.zip
1769702400000,0.0000619267246039,BTC-USDT-SWAP-fundingrates-2026-01.zip
1769731200000,-0.0000065458555846,BTC-USDT-SWAP-fundingrates-2026-01.zip
1769760000000,-0.0000433807911651,BTC-USDT-SWAP-fundingrates-2026-01.zip
1769788800000,-0.0000171969234994,BTC-USDT-SWAP-fundingrates-2026-01.zip
1769817600000,0.0000834075916422,BTC-USDT-SWAP-fundingrates-2026-01.zip
1769846400000,0.0000415772335412,BTC-USDT-SWAP-fundingrates-2026-01.zip
1769875200000,0.0000617832593108,BTC-USDT-SWAP-fundingrates-2026-02.zip
1769904000000,-0.0000066945274943,BTC-USDT-SWAP-fundingrates-2026-02.zip
1769932800000,-0.0000155078551259,BTC-USDT-SWAP-fundingrates-2026-02.zip
1769961600000,0.0000647789297829,BTC-USDT-SWAP-fundingrates-2026-02.zip
1769990400000,0.0000878095097359,BTC-USDT-SWAP-fundingrates-2026-02.zip
1770019200000,0.0000596925098258,BTC-USDT-SWAP-fundingrates-2026-02.zip
1770048000000,-0.0000739506326831,BTC-USDT-SWAP-fundingrates-2026-02.zip
1770076800000,-0.0000468841739388,BTC-USDT-SWAP-fundingrates-2026-02.zip
1770105600000,-3.347666376E-7,BTC-USDT-SWAP-fundingrates-2026-02.zip
1770134400000,0.0000065969563054,BTC-USDT-SWAP-fundingrates-2026-02.zip
1770163200000,0.0000327909454738,BTC-USDT-SWAP-fundingrates-2026-02.zip
1770192000000,0.0000397239665777,BTC-USDT-SWAP-fundingrates-2026-02.zip
1770220800000,0.000059374777323,BTC-USDT-SWAP-fundingrates-2026-02.zip
1770249600000,0.0000818857149218,BTC-USDT-SWAP-fundingrates-2026-02.zip
1770278400000,0.0000301599118301,BTC-USDT-SWAP-fundingrates-2026-02.zip
1770307200000,0.0000127569790646,BTC-USDT-SWAP-fundingrates-2026-02.zip
1770336000000,0.0001,BTC-USDT-SWAP-fundingrates-2026-02.zip
1770364800000,-0.0000068407289022,BTC-USDT-SWAP-fundingrates-2026-02.zip
1770393600000,-0.0000687134656322,BTC-USDT-SWAP-fundingrates-2026-02.zip
1770422400000,-0.0000612733148768,BTC-USDT-SWAP-fundingrates-2026-02.zip
1770451200000,0.0000553394591617,BTC-USDT-SWAP-fundingrates-2026-02.zip
1770480000000,0.0000861133048323,BTC-USDT-SWAP-fundingrates-2026-02.zip
1770508800000,0.0000308067996977,BTC-USDT-SWAP-fundingrates-2026-02.zip
1770537600000,0.0000160704088961,BTC-USDT-SWAP-fundingrates-2026-02.zip
1770566400000,-0.0000375322134276,BTC-USDT-SWAP-fundingrates-2026-02.zip
1770595200000,0.0000683234277534,BTC-USDT-SWAP-fundingrates-2026-02.zip
1770624000000,0.0000512711814493,BTC-USDT-SWAP-fundingrates-2026-02.zip
1770652800000,0.0000503922037352,BTC-USDT-SWAP-fundingrates-2026-02.zip
1770681600000,0.0000139541728666,BTC-USDT-SWAP-fundingrates-2026-02.zip
1770710400000,0.0000564627836126,BTC-USDT-SWAP-fundingrates-2026-02.zip
1770739200000,-0.000033093793619,BTC-USDT-SWAP-fundingrates-2026-02.zip
1770768000000,0.0000654716061393,BTC-USDT-SWAP-fundingrates-2026-02.zip
1770796800000,0.0000626740645226,BTC-USDT-SWAP-fundingrates-2026-02.zip
1770825600000,0.000027571231793,BTC-USDT-SWAP-fundingrates-2026-02.zip
1770854400000,0.000011607619834,BTC-USDT-SWAP-fundingrates-2026-02.zip
1770883200000,0.0000734261249528,BTC-USDT-SWAP-fundingrates-2026-02.zip
1770912000000,0.0000425188287004,BTC-USDT-SWAP-fundingrates-2026-02.zip
1770940800000,0.0000649474169246,BTC-USDT-SWAP-fundingrates-2026-02.zip
1770969600000,0.0001,BTC-USDT-SWAP-fundingrates-2026-02.zip
1770998400000,0.0000184009491766,BTC-USDT-SWAP-fundingrates-2026-02.zip
1771027200000,0.0000302084345609,BTC-USDT-SWAP-fundingrates-2026-02.zip
1771056000000,-0.0000066511183633,BTC-USDT-SWAP-fundingrates-2026-02.zip
1771084800000,0.0000486341703692,BTC-USDT-SWAP-fundingrates-2026-02.zip
1771113600000,0.0000671396939898,BTC-USDT-SWAP-fundingrates-2026-02.zip
1771142400000,0.0000185950909647,BTC-USDT-SWAP-fundingrates-2026-02.zip
1771171200000,0.0000084825894128,BTC-USDT-SWAP-fundingrates-2026-02.zip
1771200000000,0.0000268616298283,BTC-USDT-SWAP-fundingrates-2026-02.zip
1771228800000,0.0000640047502396,BTC-USDT-SWAP-fundingrates-2026-02.zip
1771257600000,0.0000248895261036,BTC-USDT-SWAP-fundingrates-2026-02.zip
1771286400000,0.0000092396052219,BTC-USDT-SWAP-fundingrates-2026-02.zip
1771315200000,0.0000536110553136,BTC-USDT-SWAP-fundingrates-2026-02.zip
1771344000000,0.0000378394238062,BTC-USDT-SWAP-fundingrates-2026-02.zip
1771372800000,0.0000111626616908,BTC-USDT-SWAP-fundingrates-2026-02.zip
1771401600000,-0.0000118184703931,BTC-USDT-SWAP-fundingrates-2026-02.zip
1771430400000,0.0000622506821764,BTC-USDT-SWAP-fundingrates-2026-02.zip
1771459200000,0.0000358972331016,BTC-USDT-SWAP-fundingrates-2026-02.zip
1771488000000,0.0000110370634994,BTC-USDT-SWAP-fundingrates-2026-02.zip
1771516800000,0.0000312908878179,BTC-USDT-SWAP-fundingrates-2026-02.zip
1771545600000,0.0000396991534163,BTC-USDT-SWAP-fundingrates-2026-02.zip
1771574400000,0.0000599227465627,BTC-USDT-SWAP-fundingrates-2026-02.zip
1771603200000,0.0000722330478366,BTC-USDT-SWAP-fundingrates-2026-02.zip
1771632000000,0.0000884810754494,BTC-USDT-SWAP-fundingrates-2026-02.zip
1771660800000,0.0000886683896573,BTC-USDT-SWAP-fundingrates-2026-02.zip
1771689600000,0.0000431501597423,BTC-USDT-SWAP-fundingrates-2026-02.zip
1771718400000,0.0000786658182692,BTC-USDT-SWAP-fundingrates-2026-02.zip
1771747200000,0.0000572325079269,BTC-USDT-SWAP-fundingrates-2026-02.zip
1771776000000,0.0000815649535124,BTC-USDT-SWAP-fundingrates-2026-02.zip
1771804800000,0.0000394623008752,BTC-USDT-SWAP-fundingrates-2026-02.zip
1771833600000,-0.0000915586192191,BTC-USDT-SWAP-fundingrates-2026-02.zip
1771862400000,0.000019090589435,BTC-USDT-SWAP-fundingrates-2026-02.zip
1771891200000,0.0000546758584873,BTC-USDT-SWAP-fundingrates-2026-02.zip
1771920000000,-0.0000013935018196,BTC-USDT-SWAP-fundingrates-2026-02.zip
1771948800000,-0.0000103595341626,BTC-USDT-SWAP-fundingrates-2026-02.zip
1771977600000,-0.000014672922502,BTC-USDT-SWAP-fundingrates-2026-02.zip
1772006400000,0.0000054711984407,BTC-USDT-SWAP-fundingrates-2026-02.zip
1772035200000,-0.0000106431653478,BTC-USDT-SWAP-fundingrates-2026-02.zip
1772064000000,0.0000857810508043,BTC-USDT-SWAP-fundingrates-2026-02.zip
1772092800000,0.0001,BTC-USDT-SWAP-fundingrates-2026-02.zip
1772121600000,0.0000354682728815,BTC-USDT-SWAP-fundingrates-2026-02.zip
1772150400000,0.0000303456202393,BTC-USDT-SWAP-fundingrates-2026-02.zip
1772179200000,0.0000411258138161,BTC-USDT-SWAP-fundingrates-2026-02.zip
1772208000000,0.0000309735619967,BTC-USDT-SWAP-fundingrates-2026-02.zip
1772236800000,0.0000809504083727,BTC-USDT-SWAP-fundingrates-2026-02.zip
1772265600000,0.0000107978043111,BTC-USDT-SWAP-fundingrates-2026-02.zip
1772294400000,-0.0000139412742268,BTC-USDT-SWAP-fundingrates-2026-03.zip
1772323200000,0.0000221082632528,BTC-USDT-SWAP-fundingrates-2026-03.zip
1772352000000,0.000049861596358,BTC-USDT-SWAP-fundingrates-2026-03.zip
1772380800000,0.0000568945890282,BTC-USDT-SWAP-fundingrates-2026-03.zip
1772409600000,-0.0000136738950679,BTC-USDT-SWAP-fundingrates-2026-03.zip
1772438400000,0.0000342238030563,BTC-USDT-SWAP-fundingrates-2026-03.zip
1772467200000,-0.000007529764939,BTC-USDT-SWAP-fundingrates-2026-03.zip
1772496000000,-0.000039838485369,BTC-USDT-SWAP-fundingrates-2026-03.zip
1772524800000,0.0000437296461482,BTC-USDT-SWAP-fundingrates-2026-03.zip
1772553600000,0.0000170028283628,BTC-USDT-SWAP-fundingrates-2026-03.zip
1772582400000,-0.0000369797398106,BTC-USDT-SWAP-fundingrates-2026-03.zip
1772611200000,-0.0000255199421549,BTC-USDT-SWAP-fundingrates-2026-03.zip
1772640000000,0.0000539814040513,BTC-USDT-SWAP-fundingrates-2026-03.zip
1772668800000,0.0000526513725722,BTC-USDT-SWAP-fundingrates-2026-03.zip
1772697600000,0.0001,BTC-USDT-SWAP-fundingrates-2026-03.zip
1772726400000,0.0000590156680421,BTC-USDT-SWAP-fundingrates-2026-03.zip
1772755200000,0.0000364006788447,BTC-USDT-SWAP-fundingrates-2026-03.zip
1772784000000,0.0000675256786147,BTC-USDT-SWAP-fundingrates-2026-03.zip
1772812800000,-0.0000039836586516,BTC-USDT-SWAP-fundingrates-2026-03.zip
1772841600000,-0.0000012767305249,BTC-USDT-SWAP-fundingrates-2026-03.zip
1772870400000,0.0000126860316466,BTC-USDT-SWAP-fundingrates-2026-03.zip
1772899200000,-0.0000015979282954,BTC-USDT-SWAP-fundingrates-2026-03.zip
1772928000000,-0.0000432424049249,BTC-USDT-SWAP-fundingrates-2026-03.zip
1772956800000,0.0000178149868343,BTC-USDT-SWAP-fundingrates-2026-03.zip
1772985600000,0.000005949377742,BTC-USDT-SWAP-fundingrates-2026-03.zip
1773014400000,0.0000044777677015,BTC-USDT-SWAP-fundingrates-2026-03.zip
1773043200000,-0.0000441385533702,BTC-USDT-SWAP-fundingrates-2026-03.zip
1773072000000,-0.0000131652456204,BTC-USDT-SWAP-fundingrates-2026-03.zip
1773100800000,-0.0000381925973641,BTC-USDT-SWAP-fundingrates-2026-03.zip
1773129600000,0.0000265058231037,BTC-USDT-SWAP-fundingrates-2026-03.zip
1773158400000,-6.842881069E-7,BTC-USDT-SWAP-fundingrates-2026-03.zip
1773187200000,-0.0000325797332179,BTC-USDT-SWAP-fundingrates-2026-03.zip
1773216000000,0.0000054827979726,BTC-USDT-SWAP-fundingrates-2026-03.zip
1773244800000,-0.0000362367417498,BTC-USDT-SWAP-fundingrates-2026-03.zip
1773273600000,-0.000034227347206,BTC-USDT-SWAP-fundingrates-2026-03.zip
1773302400000,-0.0000080525237027,BTC-USDT-SWAP-fundingrates-2026-03.zip
1773331200000,-0.0000447633873021,BTC-USDT-SWAP-fundingrates-2026-03.zip
1773360000000,-0.0000274309119052,BTC-USDT-SWAP-fundingrates-2026-03.zip
1773388800000,0.0000452549195154,BTC-USDT-SWAP-fundingrates-2026-03.zip
1773417600000,0.000033957312099,BTC-USDT-SWAP-fundingrates-2026-03.zip
1773446400000,-0.0000033464546905,BTC-USDT-SWAP-fundingrates-2026-03.zip
1773475200000,-0.0000428587187518,BTC-USDT-SWAP-fundingrates-2026-03.zip
1773504000000,-0.0000543299507286,BTC-USDT-SWAP-fundingrates-2026-03.zip
1773532800000,-0.0000307333728967,BTC-USDT-SWAP-fundingrates-2026-03.zip
1773561600000,-0.000001511007376,BTC-USDT-SWAP-fundingrates-2026-03.zip
1773590400000,-0.0000063222827088,BTC-USDT-SWAP-fundingrates-2026-03.zip
1773619200000,0.0000086086294459,BTC-USDT-SWAP-fundingrates-2026-03.zip
1773648000000,0.000078885664794,BTC-USDT-SWAP-fundingrates-2026-03.zip
1773676800000,-1.648756255E-7,BTC-USDT-SWAP-fundingrates-2026-03.zip
1773705600000,0.0000500328523885,BTC-USDT-SWAP-fundingrates-2026-03.zip
1773734400000,0.0000416486037836,BTC-USDT-SWAP-fundingrates-2026-03.zip
1773763200000,0.0000039450946648,BTC-USDT-SWAP-fundingrates-2026-03.zip
1773792000000,-0.0000245336260436,BTC-USDT-SWAP-fundingrates-2026-03.zip
1773820800000,0.0000336895262029,BTC-USDT-SWAP-fundingrates-2026-03.zip
1773849600000,0.0000123692285928,BTC-USDT-SWAP-fundingrates-2026-03.zip
1773878400000,-0.000027648992258,BTC-USDT-SWAP-fundingrates-2026-03.zip
1773907200000,0.0000160589892444,BTC-USDT-SWAP-fundingrates-2026-03.zip
1773936000000,0.0000549617269995,BTC-USDT-SWAP-fundingrates-2026-03.zip
1773964800000,-0.000036905678952,BTC-USDT-SWAP-fundingrates-2026-03.zip
1773993600000,0.0000022698433752,BTC-USDT-SWAP-fundingrates-2026-03.zip
1774022400000,0.0000668030328443,BTC-USDT-SWAP-fundingrates-2026-03.zip
1774051200000,0.0000067856864602,BTC-USDT-SWAP-fundingrates-2026-03.zip
1774080000000,-0.0000247462758734,BTC-USDT-SWAP-fundingrates-2026-03.zip
1774108800000,-0.0000052769333675,BTC-USDT-SWAP-fundingrates-2026-03.zip
1774137600000,0.0000164339575202,BTC-USDT-SWAP-fundingrates-2026-03.zip
1774166400000,-0.0000515599694098,BTC-USDT-SWAP-fundingrates-2026-03.zip
1774195200000,-0.0000714489917954,BTC-USDT-SWAP-fundingrates-2026-03.zip
1774224000000,-0.0000405035515868,BTC-USDT-SWAP-fundingrates-2026-03.zip
1774252800000,-0.0000082662703162,BTC-USDT-SWAP-fundingrates-2026-03.zip
1774281600000,0.0000170797364529,BTC-USDT-SWAP-fundingrates-2026-03.zip
1774310400000,-0.0000035453151373,BTC-USDT-SWAP-fundingrates-2026-03.zip
1774339200000,0.0000809354252358,BTC-USDT-SWAP-fundingrates-2026-03.zip
1774368000000,0.0000586921208147,BTC-USDT-SWAP-fundingrates-2026-03.zip
1774396800000,0.0000176070262256,BTC-USDT-SWAP-fundingrates-2026-03.zip
1774425600000,0.0000312259263346,BTC-USDT-SWAP-fundingrates-2026-03.zip
1774454400000,0.0000259915621775,BTC-USDT-SWAP-fundingrates-2026-03.zip
1774483200000,0.0000763095564466,BTC-USDT-SWAP-fundingrates-2026-03.zip
1774512000000,0.0001,BTC-USDT-SWAP-fundingrates-2026-03.zip
1774540800000,0.0000336134989715,BTC-USDT-SWAP-fundingrates-2026-03.zip
1774569600000,0.0000757377571938,BTC-USDT-SWAP-fundingrates-2026-03.zip
1774598400000,0.0000664216597265,BTC-USDT-SWAP-fundingrates-2026-03.zip
1774627200000,-0.000043944230417,BTC-USDT-SWAP-fundingrates-2026-03.zip
1774656000000,-0.0000301444125971,BTC-USDT-SWAP-fundingrates-2026-03.zip
1774684800000,0.0000108919631806,BTC-USDT-SWAP-fundingrates-2026-03.zip
1774713600000,0.0000070108210259,BTC-USDT-SWAP-fundingrates-2026-03.zip
1774742400000,0.0000080041340323,BTC-USDT-SWAP-fundingrates-2026-03.zip
1774771200000,-0.0000535964612843,BTC-USDT-SWAP-fundingrates-2026-03.zip
1774800000000,0.0000357270982646,BTC-USDT-SWAP-fundingrates-2026-03.zip
1774828800000,0.0000292937196826,BTC-USDT-SWAP-fundingrates-2026-03.zip
1774857600000,0.0000622041878665,BTC-USDT-SWAP-fundingrates-2026-03.zip
1774886400000,0.000020762196202,BTC-USDT-SWAP-fundingrates-2026-03.zip
1774915200000,0.0000191571494699,BTC-USDT-SWAP-fundingrates-2026-03.zip
1774944000000,0.0001,BTC-USDT-SWAP-fundingrates-2026-03.zip
1774972800000,0.0000151375879817,BTC-USDT-SWAP-fundingrates-2026-04.zip
1775001600000,0.0000348803230529,BTC-USDT-SWAP-fundingrates-2026-04.zip
1775030400000,0.0000524268041689,BTC-USDT-SWAP-fundingrates-2026-04.zip
1775059200000,0.0000668365785286,BTC-USDT-SWAP-fundingrates-2026-04.zip
1775088000000,0.0000217940143106,BTC-USDT-SWAP-fundingrates-2026-04.zip
1775116800000,-0.0000260123913411,BTC-USDT-SWAP-fundingrates-2026-04.zip
1775145600000,-0.0000501320273047,BTC-USDT-SWAP-fundingrates-2026-04.zip
1775174400000,0.0000074845120418,BTC-USDT-SWAP-fundingrates-2026-04.zip
1775203200000,0.0000190281918057,BTC-USDT-SWAP-fundingrates-2026-04.zip
1775232000000,0.0000380139757857,BTC-USDT-SWAP-fundingrates-2026-04.zip
1775260800000,0.0000191412379853,BTC-USDT-SWAP-fundingrates-2026-04.zip
1775289600000,0.0000033980082706,BTC-USDT-SWAP-fundingrates-2026-04.zip
1775318400000,-0.0000011320966547,BTC-USDT-SWAP-fundingrates-2026-04.zip
1775347200000,-0.0000092438007197,BTC-USDT-SWAP-fundingrates-2026-04.zip
1775376000000,0.0000187158112044,BTC-USDT-SWAP-fundingrates-2026-04.zip
1775404800000,0.0000210979251291,BTC-USDT-SWAP-fundingrates-2026-04.zip
1775433600000,0.0000709300578928,BTC-USDT-SWAP-fundingrates-2026-04.zip
1775462400000,0.0000624348100084,BTC-USDT-SWAP-fundingrates-2026-04.zip
1775491200000,0.0000687874653249,BTC-USDT-SWAP-fundingrates-2026-04.zip
1775520000000,-0.0000325038879303,BTC-USDT-SWAP-fundingrates-2026-04.zip
1775548800000,0.0000391224579442,BTC-USDT-SWAP-fundingrates-2026-04.zip
1775577600000,0.0000533162602047,BTC-USDT-SWAP-fundingrates-2026-04.zip
1775606400000,0.0000788734342289,BTC-USDT-SWAP-fundingrates-2026-04.zip
1775635200000,0.0001,BTC-USDT-SWAP-fundingrates-2026-04.zip
1775664000000,0.0001,BTC-USDT-SWAP-fundingrates-2026-04.zip
1775692800000,0.0000431589561822,BTC-USDT-SWAP-fundingrates-2026-04.zip
1775721600000,0.0000467784476811,BTC-USDT-SWAP-fundingrates-2026-04.zip
1775750400000,0.0001,BTC-USDT-SWAP-fundingrates-2026-04.zip
1775779200000,0.0000271916702567,BTC-USDT-SWAP-fundingrates-2026-04.zip
1775808000000,0.0000612589001435,BTC-USDT-SWAP-fundingrates-2026-04.zip
1775836800000,-0.0000261465843046,BTC-USDT-SWAP-fundingrates-2026-04.zip
1775865600000,-9.499073562E-7,BTC-USDT-SWAP-fundingrates-2026-04.zip
1775894400000,0.0000467297830294,BTC-USDT-SWAP-fundingrates-2026-04.zip
1775923200000,0.0000553208680148,BTC-USDT-SWAP-fundingrates-2026-04.zip
1775952000000,0.0000543867076809,BTC-USDT-SWAP-fundingrates-2026-04.zip
1775980800000,-0.0000393759385751,BTC-USDT-SWAP-fundingrates-2026-04.zip
1776009600000,0.0000734161268999,BTC-USDT-SWAP-fundingrates-2026-04.zip
1776038400000,0.0000365276623483,BTC-USDT-SWAP-fundingrates-2026-04.zip
1776067200000,0.0000745735407553,BTC-USDT-SWAP-fundingrates-2026-04.zip
1776096000000,-0.0000409165288315,BTC-USDT-SWAP-fundingrates-2026-04.zip
1776124800000,0.0000653638562014,BTC-USDT-SWAP-fundingrates-2026-04.zip
1776153600000,0.0000843247781537,BTC-USDT-SWAP-fundingrates-2026-04.zip
1776182400000,-0.0000425181840774,BTC-USDT-SWAP-fundingrates-2026-04.zip
1776211200000,-0.0001094883251061,BTC-USDT-SWAP-fundingrates-2026-04.zip
1776240000000,-0.0000149855594031,BTC-USDT-SWAP-fundingrates-2026-04.zip
1776268800000,-0.0000571022621168,BTC-USDT-SWAP-fundingrates-2026-04.zip
1776297600000,-0.0000511257282684,BTC-USDT-SWAP-fundingrates-2026-04.zip
1776326400000,-0.0000315058973773,BTC-USDT-SWAP-fundingrates-2026-04.zip
1776355200000,-0.000013061247762,BTC-USDT-SWAP-fundingrates-2026-04.zip
1776384000000,0.0000090974170654,BTC-USDT-SWAP-fundingrates-2026-04.zip
1776412800000,-0.0000042082641739,BTC-USDT-SWAP-fundingrates-2026-04.zip
1776441600000,-0.0000869934861105,BTC-USDT-SWAP-fundingrates-2026-04.zip
1776470400000,0.0000073572911425,BTC-USDT-SWAP-fundingrates-2026-04.zip
1776499200000,-0.0000068674141482,BTC-USDT-SWAP-fundingrates-2026-04.zip
1776528000000,-0.0000117053776205,BTC-USDT-SWAP-fundingrates-2026-04.zip
1776556800000,-0.0000714846856104,BTC-USDT-SWAP-fundingrates-2026-04.zip
1776585600000,-0.0000100773355932,BTC-USDT-SWAP-fundingrates-2026-04.zip
1776614400000,-0.000057104566861,BTC-USDT-SWAP-fundingrates-2026-04.zip
1776643200000,0.0000114536200264,BTC-USDT-SWAP-fundingrates-2026-04.zip
1776672000000,0.0000403213557316,BTC-USDT-SWAP-fundingrates-2026-04.zip
1776700800000,-0.0000408986196174,BTC-USDT-SWAP-fundingrates-2026-04.zip
1776729600000,-0.0000412862011945,BTC-USDT-SWAP-fundingrates-2026-04.zip
1776758400000,0.0000352378802456,BTC-USDT-SWAP-fundingrates-2026-04.zip
1776787200000,0.000010889705699,BTC-USDT-SWAP-fundingrates-2026-04.zip
1776816000000,-0.0000183064589195,BTC-USDT-SWAP-fundingrates-2026-04.zip
1776844800000,0.0000256388069934,BTC-USDT-SWAP-fundingrates-2026-04.zip
1776873600000,-0.0000334068078345,BTC-USDT-SWAP-fundingrates-2026-04.zip
1776902400000,-0.0000408133686615,BTC-USDT-SWAP-fundingrates-2026-04.zip
1776931200000,-0.0000800159588428,BTC-USDT-SWAP-fundingrates-2026-04.zip
1776960000000,-0.0000277255814208,BTC-USDT-SWAP-fundingrates-2026-04.zip
1776988800000,-0.0000475768414734,BTC-USDT-SWAP-fundingrates-2026-04.zip
1777017600000,-0.0000049164856571,BTC-USDT-SWAP-fundingrates-2026-04.zip
1777046400000,-0.0000187689866551,BTC-USDT-SWAP-fundingrates-2026-04.zip
1777075200000,-0.0000183864133702,BTC-USDT-SWAP-fundingrates-2026-04.zip
1777104000000,-0.0000382878019307,BTC-USDT-SWAP-fundingrates-2026-04.zip
1777132800000,-0.0000614399950985,BTC-USDT-SWAP-fundingrates-2026-04.zip
1777161600000,0.0000124680904313,BTC-USDT-SWAP-fundingrates-2026-04.zip
1777190400000,0.0000458259885384,BTC-USDT-SWAP-fundingrates-2026-04.zip
1777219200000,-0.0000044625313279,BTC-USDT-SWAP-fundingrates-2026-04.zip
1777248000000,-0.0000394161045277,BTC-USDT-SWAP-fundingrates-2026-04.zip
1777276800000,-0.0000629907601197,BTC-USDT-SWAP-fundingrates-2026-04.zip
1777305600000,-0.0000529784340521,BTC-USDT-SWAP-fundingrates-2026-04.zip
1777334400000,-0.0000995378713288,BTC-USDT-SWAP-fundingrates-2026-04.zip
1777363200000,-0.0000846945606982,BTC-USDT-SWAP-fundingrates-2026-04.zip
1777392000000,0.0000430025983087,BTC-USDT-SWAP-fundingrates-2026-04.zip
1777420800000,0.0000384770050159,BTC-USDT-SWAP-fundingrates-2026-04.zip
1777449600000,-0.0000428255342382,BTC-USDT-SWAP-fundingrates-2026-04.zip
1777478400000,0.0000181048476583,BTC-USDT-SWAP-fundingrates-2026-04.zip
1777507200000,-0.0000123350143559,BTC-USDT-SWAP-fundingrates-2026-04.zip
1777536000000,-0.000005436910025,BTC-USDT-SWAP-fundingrates-2026-04.zip
